campo_id;nome_campo;nome_amigavel;tabela_origem;origem;tipo_dado_id;tipo_dado_programacao;tipo_formatacao;mascara_formato;tamanho_maximo;precisao_decimal;exemplo_valor;regra_validacao;regex_validacao;;;;;;;;;;;;
1;numero_vara;Numero Vara;d_entrevistas;Entrada por formulário web;;integer;número;;10;;;;;;;;;;;;;;;;
2;cidade_vara;Cidade Vara;d_entrevistas;Entrada por formulário web;;string;texto;;100;;;;;;;;;;;;;;;;
3;uf_vara;Uf Vara;d_entrevistas;Entrada por formulário web;;string;texto;;2;;;;;;;;;;;;;;;;
4;n_regiao_trt;N Regiao Trt;d_entrevistas;Entrada por formulário web;;integer;número;;10;;;;;;;;;;;;;;;;
5;informacoes_cliente_procuracao;Informacoes Cliente Procuracao;d_entrevistas;Entrada por formulário web;;string;texto;;2000;;;;;;;;;;;;;;;;
6;telefone_parte_autora;Telefone Parte Autora;d_entrevistas;Entrada por formulário web;;string;personalizado do tipo: (xx) xxxxx-xxxx;(xx) xxxxx-xxxx;9;;(11) 98765-4321;Validar formato de telefone;^\(\d{2}\) \d{5}-\d{4}$;;;;;;;;;;;;
7;email_parte_autora;Email Parte Autora;d_entrevistas;Entrada por formulário web;;string;texto;;100;;exemplo@email.com;Validar formato de email;^[a-zA-Z0-9._%+-]+@[a-zA-Z0-9.-]+\.[a-zA-Z]{2,}$;;;;;;;;;;;;
8;nome_reu_1;Nome Reu 1;d_entrevistas;Entrada por formulário web;;string;texto;;150;;;;;;;;;;;;;;;;
9;natureza_juridica_reu_1;Natureza Juridica Reu 1;d_entrevistas;Entrada por formulário web;;string;Lista seleção (texto);;10;;;;;;;;;;;;;;;;
10;cnpj_reu_1;Cnpj Reu 1;d_entrevistas;Entrada por formulário web;;string;personalizado do tipo: xx.xxx.xxx/xxxx-xx;xx.xxx.xxx/xxxx-xx;18;;12.345.678/0001-90;Validar CNPJ com dígito verificador;^\d{2}\.\d{3}\.\d{3}/\d{4}-\d{2}$;;;;;;;;;;;;
11;logradouro_reu_1;Logradouro Reu 1;d_entrevistas;Entrada por formulário web;;string;texto;;150;;;;;;;;;;;;;;;;
12;numero_reu_1;Numero Reu 1;d_entrevistas;Entrada por formulário web;;integer;número;;10;;;;;;;;;;;;;;;;
13;complemento_reu_1;Complemento Reu 1;d_entrevistas;Entrada por formulário web;;string;Geral;;100;;;;;;;;;;;;;;;;
14;bairro_reu_1;Bairro Reu 1;d_entrevistas;Entrada por formulário web;;string;texto;;100;;;;;;;;;;;;;;;;
15;cidade_reu_1;Cidade Reu 1;d_entrevistas;Entrada por formulário web;;string;texto;;100;;;;;;;;;;;;;;;;
16;estado_reu_1;Estado Reu 1;d_entrevistas;Entrada por formulário web;;string;texto;;2;;;;;;;;;;;;;;;;
17;cep_reu_1;Cep Reu 1;d_entrevistas;Entrada por formulário web;;string;personalizado do tipo: xxxxx-xxx;xxxxx-xxx;9;;12345-678;;^\d{5}-\d{3}$;;;;;;;;;;;;
18;nacionalidade_reu_1;Nacionalidade Reu 1;d_entrevistas;Entrada por formulário web;;string;texto;;50;;;;;;;;;;;;;;;;
19;cpf_reu_1;Cpf Reu 1;d_entrevistas;Entrada por formulário web;;string;personalizado do tipo: xxx.xxx.xxx-xx;xxx.xxx.xxx-xx;14;;123.456.789-00;Validar CPF com dígito verificador;^\d{3}\.\d{3}\.\d{3}-\d{2}$;;;;;;;;;;;;
20;rg_reu_1;Rg Reu 1;d_entrevistas;Entrada por formulário web;;string;personalizado do tipo: xx.xxx.xxx-xx;xx.xxx.xxx-xx;12;;;;;;;;;;;;;;;;
21;descricao_reu_1;Descricao Reu 1;d_entrevistas;Campo calculado;;string;Geral;;2000;;;;;;;;;;;;;;;;
22;nome_reu_2_terceira;Nome Reu 2 Terceira;d_entrevistas;Entrada por formulário web;;string;texto;;150;;;;;;;;;;;;;;;;
23;natureza_juridica_reu_2;Natureza Juridica Reu 2;d_entrevistas;Entrada por formulário web;;string;Lista seleção (texto);;10;;;;;;;;;;;;;;;;
24;cnpj_reu_2;Cnpj Reu 2;d_entrevistas;Entrada por formulário web;;string;personalizado do tipo: xx.xxx.xxx/xxxx-xx;xx.xxx.xxx/xxxx-xx;18;;12.345.678/0001-90;Validar CNPJ com dígito verificador;^\d{2}\.\d{3}\.\d{3}/\d{4}-\d{2}$;;;;;;;;;;;;
25;logradouro_reu_2;Logradouro Reu 2;d_entrevistas;Entrada por formulário web;;string;texto;;150;;;;;;;;;;;;;;;;
26;numero_reu_2;Numero Reu 2;d_entrevistas;Entrada por formulário web;;integer;número;;10;;;;;;;;;;;;;;;;
27;complemento_reu_2;Complemento Reu 2;d_entrevistas;Entrada por formulário web;;string;Geral;;100;;;;;;;;;;;;;;;;
28;bairro_reu_2;Bairro Reu 2;d_entrevistas;Entrada por formulário web;;string;texto;;100;;;;;;;;;;;;;;;;
29;cidade_reu_2;Cidade Reu 2;d_entrevistas;Entrada por formulário web;;string;texto;;100;;;;;;;;;;;;;;;;
30;estado_reu_2;Estado Reu 2;d_entrevistas;Entrada por formulário web;;string;texto;;2;;;;;;;;;;;;;;;;
31;cep_reu_2;Cep Reu 2;d_entrevistas;Entrada por formulário web;;string;personalizado do tipo: xxxxx-xxx;xxxxx-xxx;9;;12345-678;;^\d{5}-\d{3}$;;;;;;;;;;;;
32;nacionalidade_reu_2;Nacionalidade Reu 2;d_entrevistas;Entrada por formulário web;;string;texto;;50;;;;;;;;;;;;;;;;
33;cpf_reu_2;Cpf Reu 2;d_entrevistas;Entrada por formulário web;;string;personalizado do tipo: xxx.xxx.xxx-xx;xxx.xxx.xxx-xx;14;;123.456.789-00;Validar CPF com dígito verificador;^\d{3}\.\d{3}\.\d{3}-\d{2}$;;;;;;;;;;;;
34;rg_reu_2;Rg Reu 2;d_entrevistas;Entrada por formulário web;;string;personalizado do tipo: xx.xxx.xxx-xx;xx.xxx.xxx-xx;12;;;;;;;;;;;;;;;;
35;descricao_reu_2;Descricao Reu 2;d_entrevistas;Campo calculado;;string;Geral;;2000;;;;;;;;;;;;;;;;
36;status_vinculo_empregaticio;Status Vinculo Empregaticio;d_entrevistas;Entrada por formulário web;;string;Lista seleção (texto);;26;;;;;;;;;;;;;;;;
37;motivo_rescisao;Motivo Rescisao;d_entrevistas;Entrada por formulário web;;string;Lista seleção (texto);;26;;;;;;;;;;;;;;;;
38;texto_rescisao;Texto Rescisao;d_entrevistas;Campo calculado;;string;texto;;2000;;;;;;;;;;;;;;;;
39;texto_reflexo_verbas_rescisorias_insalubridade;Texto Reflexo Verbas Rescisorias Insalubridade;d_entrevistas;Campo calculado;;string;texto;;2000;;;;;;;;;;;;;;;;
40;cargo_funcao;Cargo Funcao;d_entrevistas;Entrada por formulário web;;string;texto;;15;;;;;;;;;;;;;;;;
41;calcular_vinculo_base_calculo;Calcular Vinculo Base Calculo;d_entrevistas;Entrada por formulário web;;string;Lista seleção (texto);;5;;;;;;;;;;;;;;;;
42;calcular_terceirizacao_base_calculo;Calcular Terceirizacao Base Calculo;d_entrevistas;Entrada por formulário web;;string;Lista seleção (texto);;5;;;;;;;;;;;;;;;;
43;mesmo_periodo_verbas_terceirizacao;Mesmo Periodo Verbas Terceirizacao;d_entrevistas;Entrada por formulário web;;string;Lista seleção (texto);;5;;;;;;;;;;;;;;;;
44;periodo_aplicavel_terceirizacao;Periodo Aplicavel Terceirizacao;d_entrevistas;Campo calculado;;string;texto;;255;;;;;;;;;;;;;;;;
45;meses_diferente_terceirizacao;Meses Diferente Terceirizacao;d_entrevistas;Entrada por formulário web;;integer;número;;4;;;;;;;;;;;;;;;;
46;data_inicio_base_calculo;Data Inicio Base Calculo;d_entrevistas;Entrada por formulário web;;date;data formato dd/mm/aaaa;dd/mm/yyyy;10;;01/01/2024;Validar data no formato dd/mm/yyyy;;;;;;;;;;;;;
47;data_termino_base_calculo;Data Termino Base Calculo;d_entrevistas;Entrada por formulário web;;date;data formato dd/mm/aaaa;dd/mm/yyyy;10;;01/01/2024;Validar data no formato dd/mm/yyyy;;;;;;;;;;;;;
48;salario_bruto_base_calculo;Salario Bruto Base Calculo;d_entrevistas;Entrada por formulário web;;decimal;Contábil (BRL);#.##0,00;22;2;;;;;;;;;;;;;;;
49;jornada_mensal_trabalhada_horas_base_calculo;Jornada Mensal Trabalhada Horas Base Calculo;d_entrevistas;Entrada por formulário web;;string;personalizado do tipo: x,xx 'horas';x,xx 'horas';12;;;;;;;;;;;;;;;;
50;dias_trabalhados_mes_base_calculo;Dias Trabalhados Mes Base Calculo;d_entrevistas;Entrada por formulário web;;string;personalizado do tipo: xx 'dias';xx 'dias';9;;;;;;;;;;;;;;;;
51;diasscansados_dsr_mes_base_calculo;Diasscansados Dsr Mes Base Calculo;d_entrevistas;Entrada por formulário web;;string;personalizado do tipo: xx 'dias';xx 'dias';9;;;;;;;;;;;;;;;;
52;descricao_entrevista_escala_trabalho;Descricao Entrevista Escala Trabalho;d_entrevistas;Entrada por formulário web;;string;texto;;2000;;;;;;;;;;;;;;;;
53;descricao_entrevista_atividades_contratadas_acumulo_funcao;Descricao Entrevista Atividades Contratadas Acumulo Funcao;d_entrevistas;Entrada por formulário web;;string;texto;;100;;;;;;;;;;;;;;;;
54;descricao_entrevista_atividades_extras_acumulo_funcao;Descricao Entrevista Atividades Extras Acumulo Funcao;d_entrevistas;Entrada por formulário web;;string;texto;;100;;;;;;;;;;;;;;;;
55;reflexos_em_aviso_previo_base_calculo;Reflexos Em Aviso Previo Base Calculo;d_entrevistas;Entrada por formulário web;;string;Lista seleção (texto);;5;;;;;;;;;;;;;;;;
56;calcular_fgts_base_calculo;Calcular Fgts Base Calculo;d_entrevistas;Entrada por formulário web;;string;Lista seleção (texto);;5;;;;;;;;;;;;;;;;
57;texto_personalizado_fgts_acumulo_funcao;Texto Personalizado Fgts Acumulo Funcao;d_entrevistas;Campo calculado;;string;texto;;100;;;;;;;;;;;;;;;;
58;texto_reflexo_fgts_insalubridade;Texto Reflexo Fgts Insalubridade;d_entrevistas;Campo calculado;;string;texto;;2000;;;;;;;;;;;;;;;;
59;texto_personalizado_fgts_nulidade_gestante;Texto Personalizado Fgts Nulidade Gestante;d_entrevistas;Campo calculado;;string;texto;;2000;;;;;;;;;;;;;;;;
60;texto_personalizado_fgts_estabilidade_gestante;Texto Personalizado Fgts Estabilidade Gestante;d_entrevistas;Campo calculado;;string;texto;;2000;;;;;;;;;;;;;;;;
61;calcular_multa_fgts_base_calculo;Calcular Multa Fgts Base Calculo;d_entrevistas;Entrada por formulário web;;string;Lista seleção (texto);;5;;;;;;;;;;;;;;;;
62;calcular_multa_477_base_calculo;Calcular Multa 477 Base Calculo;d_entrevistas;Entrada por formulário web;;string;Lista seleção (texto);;5;;;;;;;;;;;;;;;;
63;calcular_multa_467_base_calculo;Calcular Multa 467 Base Calculo;d_entrevistas;Entrada por formulário web;;string;Lista seleção (texto);;5;;;;;;;;;;;;;;;;
64;saldo_salario_base_calculo;Saldo Salario Base Calculo;d_entrevistas;Entrada por formulário web;;string;Lista seleção (texto);;5;;;;;;;;;;;;;;;;
65;dias_aviso_previo_base_calculo;Dias Aviso Previo Base Calculo;d_entrevistas;Entrada por formulário web;;string;personalizado do tipo: xx 'dias';xx 'dias';9;;;;;;;;;;;;;;;;
66;calcular_decimo_terceiro_anual;Calcular Decimo Terceiro Anual;d_entrevistas;Entrada por formulário web;;string;Lista seleção (texto);;5;;;;;;;;;;;;;;;;
67;ano_1_meses_decimo_terceiro_anual;Ano 1 Meses Decimo Terceiro Anual;d_entrevistas;Entrada por formulário web;;string;personalizado do tipo: xx 'meses';xx 'meses';10;;;;;;;;;;;;;;;;
68;ano_2_meses_decimo_terceiro_anual;Ano 2 Meses Decimo Terceiro Anual;d_entrevistas;Entrada por formulário web;;string;personalizado do tipo: xx 'meses';xx 'meses';10;;;;;;;;;;;;;;;;
69;ano_3_meses_decimo_terceiro_anual;Ano 3 Meses Decimo Terceiro Anual;d_entrevistas;Entrada por formulário web;;string;personalizado do tipo: xx 'meses';xx 'meses';10;;;;;;;;;;;;;;;;
70;ano_4_meses_decimo_terceiro_anual;Ano 4 Meses Decimo Terceiro Anual;d_entrevistas;Entrada por formulário web;;string;personalizado do tipo: xx 'meses';xx 'meses';10;;;;;;;;;;;;;;;;
71;ano_5_meses_decimo_terceiro_anual;Ano 5 Meses Decimo Terceiro Anual;d_entrevistas;Entrada por formulário web;;string;personalizado do tipo: xx 'meses';xx 'meses';10;;;;;;;;;;;;;;;;
72;ano_6_meses_decimo_terceiro_anual;Ano 6 Meses Decimo Terceiro Anual;d_entrevistas;Entrada por formulário web;;string;personalizado do tipo: xx 'meses';xx 'meses';10;;;;;;;;;;;;;;;;
73;ano_7_meses_decimo_terceiro_anual;Ano 7 Meses Decimo Terceiro Anual;d_entrevistas;Entrada por formulário web;;string;personalizado do tipo: xx 'meses';xx 'meses';10;;;;;;;;;;;;;;;;
74;ano_8_meses_decimo_terceiro_anual;Ano 8 Meses Decimo Terceiro Anual;d_entrevistas;Entrada por formulário web;;string;personalizado do tipo: xx 'meses';xx 'meses';10;;;;;;;;;;;;;;;;
75;ano_9_meses_decimo_terceiro_anual;Ano 9 Meses Decimo Terceiro Anual;d_entrevistas;Entrada por formulário web;;string;personalizado do tipo: xx 'meses';xx 'meses';10;;;;;;;;;;;;;;;;
76;ano_10_meses_decimo_terceiro_anual;Ano 10 Meses Decimo Terceiro Anual;d_entrevistas;Entrada por formulário web;;string;personalizado do tipo: xx 'meses';xx 'meses';10;;;;;;;;;;;;;;;;
77;calcular_decimo_terceiro_recisorio;Calcular Decimo Terceiro Recisorio;d_entrevistas;Entrada por formulário web;;string;Lista seleção (texto);;5;;;;;;;;;;;;;;;;
78;mesmo_periodo_verbas_decimo_terceiro_recisorio;Mesmo Periodo Verbas Decimo Terceiro Recisorio;d_entrevistas;Entrada por formulário web;;string;Lista seleção (texto);;5;;;;;;;;;;;;;;;;
79;meses_diferente_decimo_terceiro_recisorio;Meses Diferente Decimo Terceiro Recisorio;d_entrevistas;Entrada por formulário web;;integer;número;;4;;;;;;;;;;;;;;;;
80;calcular_ferias_anuais;Calcular Ferias Anuais;d_entrevistas;Entrada por formulário web;;string;Lista seleção (texto);;5;;;;;;;;;;;;;;;;
81;primeiro_pdo_aquisitivo_meses_ferias_anuais;Primeiro Pdo Aquisitivo Meses Ferias Anuais;d_entrevistas;Entrada por formulário web;;string;personalizado do tipo: xx 'meses';xx 'meses';10;;;;;;;;;;;;;;;;
82;dobrar_ferias_primeiro_pdo_ferias_anuais;Dobrar Ferias Primeiro Pdo Ferias Anuais;d_entrevistas;Entrada por formulário web;;string;Lista seleção (texto);;5;;;;;;;;;;;;;;;;
83;segundo_pdo_aquisitivo_meses_ferias_anuais;Segundo Pdo Aquisitivo Meses Ferias Anuais;d_entrevistas;Entrada por formulário web;;string;personalizado do tipo: xx 'meses';xx 'meses';10;;;;;;;;;;;;;;;;
84;dobrar_ferias_segundo_pdo_ferias_anuais;Dobrar Ferias Segundo Pdo Ferias Anuais;d_entrevistas;Entrada por formulário web;;string;Lista seleção (texto);;5;;;;;;;;;;;;;;;;
85;terceiro_pdo_aquisitivo_meses_ferias_anuais;Terceiro Pdo Aquisitivo Meses Ferias Anuais;d_entrevistas;Entrada por formulário web;;string;personalizado do tipo: xx 'meses';xx 'meses';10;;;;;;;;;;;;;;;;
86;dobrar_ferias_terceiro_pdo_ferias_anuais;Dobrar Ferias Terceiro Pdo Ferias Anuais;d_entrevistas;Entrada por formulário web;;string;Lista seleção (texto);;5;;;;;;;;;;;;;;;;
87;quarto_pdo_aquisitivo_meses_ferias_anuais;Quarto Pdo Aquisitivo Meses Ferias Anuais;d_entrevistas;Entrada por formulário web;;string;personalizado do tipo: xx 'meses';xx 'meses';10;;;;;;;;;;;;;;;;
88;dobrar_ferias_quarto_pdo_ferias_anuais;Dobrar Ferias Quarto Pdo Ferias Anuais;d_entrevistas;Entrada por formulário web;;string;Lista seleção (texto);;5;;;;;;;;;;;;;;;;
89;quinto_pdo_aquisitivo_meses_ferias_anuais;Quinto Pdo Aquisitivo Meses Ferias Anuais;d_entrevistas;Entrada por formulário web;;string;personalizado do tipo: xx 'meses';xx 'meses';10;;;;;;;;;;;;;;;;
90;dobrar_ferias_quinto_pdo_ferias_anuais;Dobrar Ferias Quinto Pdo Ferias Anuais;d_entrevistas;Entrada por formulário web;;string;Lista seleção (texto);;5;;;;;;;;;;;;;;;;
91;calcular_ferias_proporcionais_recisoria;Calcular Ferias Proporcionais Recisoria;d_entrevistas;Entrada por formulário web;;string;Lista seleção (texto);;5;;;;;;;;;;;;;;;;
92;mesmo_periodo_verbas_ferias_proporcionais_recisoria;Mesmo Periodo Verbas Ferias Proporcionais Recisoria;d_entrevistas;Entrada por formulário web;;string;Lista seleção (texto);;5;;;;;;;;;;;;;;;;
93;meses_diferente_ferias_proporcionais_recisoria;Meses Diferente Ferias Proporcionais Recisoria;d_entrevistas;Entrada por formulário web;;integer;número;;4;;;;;;;;;;;;;;;;
94;calcular_equiparacao_salarial;Calcular Equiparacao Salarial;d_entrevistas;Entrada por formulário web;;string;Lista seleção (texto);;5;;;;;;;;;;;;;;;;
95;mesmo_periodo_verbas_equiparacao_salarial;Mesmo Periodo Verbas Equiparacao Salarial;d_entrevistas;Entrada por formulário web;;string;Lista seleção (texto);;5;;;;;;;;;;;;;;;;
96;meses_diferente_equiparacao_salarial;Meses Diferente Equiparacao Salarial;d_entrevistas;Entrada por formulário web;;integer;número;;4;;;;;;;;;;;;;;;;
97;diferenca_salario_equiparado_mes_equiparacao_salarial;Diferenca Salario Equiparado Mes Equiparacao Salarial;d_entrevistas;Entrada por formulário web;;decimal;Contábil (BRL);#.##0,00;22;2;;;;;;;;;;;;;;;
98;integrar_horas_extras_equiparacao_salarial;Integrar Horas Extras Equiparacao Salarial;d_entrevistas;Entrada por formulário web;;string;Lista seleção (texto);;5;;;;;;;;;;;;;;;;
99;coeficiente_em_porcento_equiparacao_salarial;Coeficiente Em Porcento Equiparacao Salarial;d_entrevistas;Entrada por formulário web;;percentage;Lista seleção (número %);;6;;;;;;;;;;;;;;;;
100;calcular_piso_salarial;Calcular Piso Salarial;d_entrevistas;Entrada por formulário web;;string;Lista seleção (texto);;5;;;;;;;;;;;;;;;;
101;mesmo_periodo_verbas_piso_salarial;Mesmo Periodo Verbas Piso Salarial;d_entrevistas;Entrada por formulário web;;string;Lista seleção (texto);;5;;;;;;;;;;;;;;;;
102;meses_diferente_piso_salarial;Meses Diferente Piso Salarial;d_entrevistas;Entrada por formulário web;;integer;número;;4;;;;;;;;;;;;;;;;
103;diferenca_piso_salarial_mes_piso_salarial;Diferenca Piso Salarial Mes Piso Salarial;d_entrevistas;Entrada por formulário web;;decimal;Contábil (BRL);#.##0,00;22;2;;;;;;;;;;;;;;;
104;integrar_horas_extras_piso_salarial;Integrar Horas Extras Piso Salarial;d_entrevistas;Entrada por formulário web;;string;Lista seleção (texto);;5;;;;;;;;;;;;;;;;
105;coeficiente_em_porcento_piso_salarial;Coeficiente Em Porcento Piso Salarial;d_entrevistas;Entrada por formulário web;;percentage;Lista seleção (número %);;6;;;;;;;;;;;;;;;;
106;calcular_salario_por_fora;Calcular Salario Por Fora;d_entrevistas;Entrada por formulário web;;string;Lista seleção (texto);;5;;;;;;;;;;;;;;;;
107;mesmo_periodo_verbas_salario_por_fora;Mesmo Periodo Verbas Salario Por Fora;d_entrevistas;Entrada por formulário web;;string;Lista seleção (texto);;5;;;;;;;;;;;;;;;;
108;meses_diferente_salario_por_fora;Meses Diferente Salario Por Fora;d_entrevistas;Entrada por formulário web;;integer;número;;4;;;;;;;;;;;;;;;;
109;salario_por_fora_r_por_mes_salario_por_fora;Salario Por Fora R Por Mes Salario Por Fora;d_entrevistas;Entrada por formulário web;;decimal;Contábil (BRL);#.##0,00;22;2;;;;;;;;;;;;;;;
110;integrar_horas_extras_salario_por_fora;Integrar Horas Extras Salario Por Fora;d_entrevistas;Entrada por formulário web;;string;Lista seleção (texto);;5;;;;;;;;;;;;;;;;
111;coeficiente_em_porcento_salario_por_fora;Coeficiente Em Porcento Salario Por Fora;d_entrevistas;Entrada por formulário web;;percentage;Lista seleção (número %);;6;;;;;;;;;;;;;;;;
112;calcular_reducao_salarial;Calcular Reducao Salarial;d_entrevistas;Entrada por formulário web;;string;Lista seleção (texto);;5;;;;;;;;;;;;;;;;
113;mesmo_periodo_verbas_reducao_salarial;Mesmo Periodo Verbas Reducao Salarial;d_entrevistas;Entrada por formulário web;;string;Lista seleção (texto);;5;;;;;;;;;;;;;;;;
114;meses_diferente_reducao_salarial;Meses Diferente Reducao Salarial;d_entrevistas;Entrada por formulário web;;integer;número;;4;;;;;;;;;;;;;;;;
115;reducao_salarial_r_por_mes_reducao_salarial;Reducao Salarial R Por Mes Reducao Salarial;d_entrevistas;Entrada por formulário web;;decimal;Contábil (BRL);#.##0,00;22;2;;;;;;;;;;;;;;;
116;integrar_horas_extras_reducao_salarial;Integrar Horas Extras Reducao Salarial;d_entrevistas;Entrada por formulário web;;string;Lista seleção (texto);;5;;;;;;;;;;;;;;;;
117;coeficiente_em_porcento_reducao_salarial;Coeficiente Em Porcento Reducao Salarial;d_entrevistas;Entrada por formulário web;;percentage;Lista seleção (número %);;6;;;;;;;;;;;;;;;;
118;calcular_integracao_de_comissoes;Calcular Integracao De Comissoes;d_entrevistas;Entrada por formulário web;;string;Lista seleção (texto);;5;;;;;;;;;;;;;;;;
119;mesmo_periodo_verbas_integracao_de_comissoes;Mesmo Periodo Verbas Integracao De Comissoes;d_entrevistas;Entrada por formulário web;;string;Lista seleção (texto);;5;;;;;;;;;;;;;;;;
120;meses_diferente_integracao_de_comissoes;Meses Diferente Integracao De Comissoes;d_entrevistas;Entrada por formulário web;;integer;número;;4;;;;;;;;;;;;;;;;
121;comissao_r_por_mes_integracao_de_comissoes;Comissao R Por Mes Integracao De Comissoes;d_entrevistas;Entrada por formulário web;;decimal;Contábil (BRL);#.##0,00;22;2;;;;;;;;;;;;;;;
122;integrar_horas_extras_integracao_de_comissoes;Integrar Horas Extras Integracao De Comissoes;d_entrevistas;Entrada por formulário web;;string;Lista seleção (texto);;5;;;;;;;;;;;;;;;;
123;coeficiente_em_porcento_integracao_de_comissoes;Coeficiente Em Porcento Integracao De Comissoes;d_entrevistas;Entrada por formulário web;;percentage;Lista seleção (número %);;6;;;;;;;;;;;;;;;;
124;calcular_acumulo_funcao;Calcular Acumulo Funcao;d_entrevistas;Entrada por formulário web;;string;Lista seleção (texto);;5;;;;;;;;;;;;;;;;
125;descricao_atividades_contrato_acumulo_funcao;Descricao Atividades Contrato Acumulo Funcao;d_entrevistas;Entrada por formulário web;;string;texto;;100;;;;;;;;;;;;;;;;
126;descricao_atividades_exercidas_acumulo_funcao;Descricao Atividades Exercidas Acumulo Funcao;d_entrevistas;Entrada por formulário web;;string;texto;;100;;;;;;;;;;;;;;;;
127;mesmo_periodo_verbas_acumulo_funcao;Mesmo Periodo Verbas Acumulo Funcao;d_entrevistas;Entrada por formulário web;;string;Lista seleção (texto);;5;;;;;;;;;;;;;;;;
128;periodo_aplicavel_acumulo_funcao;Periodo Aplicavel Acumulo Funcao;d_entrevistas;Campo calculado;;string;texto;;100;;;;;;;;;;;;;;;;
129;meses_diferente_acumulo_funcao;Meses Diferente Acumulo Funcao;d_entrevistas;Entrada por formulário web;;integer;número;;4;;;;;;;;;;;;;;;;
130;base_calculo_acumulo_funcao;Base Calculo Acumulo Funcao;d_entrevistas;Entrada por formulário web;;decimal;Contábil (BRL);#.##0,00;22;2;;;;;;;;;;;;;;;
131;porcento_para_o_acumulo_acumulo_funcao;Porcento Para O Acumulo Acumulo Funcao;d_entrevistas;Entrada por formulário web;;percentage;Número Percentual (%);0%;6;;;;;;;;;;;;;;;;
132;integrar_horas_extras_acumulo_funcao;Integrar Horas Extras Acumulo Funcao;d_entrevistas;Entrada por formulário web;;string;Lista seleção (texto);;5;;;;;;;;;;;;;;;;
133;coeficiente_em_porcento_acumulo_funcao;Coeficiente Em Porcento Acumulo Funcao;d_entrevistas;Entrada por formulário web;;percentage;Lista seleção (número %);;6;;;;;;;;;;;;;;;;
134;calcular_desvio_de_funcao;Calcular Desvio De Funcao;d_entrevistas;Entrada por formulário web;;string;Lista seleção (texto);;5;;;;;;;;;;;;;;;;
135;mesmo_periodo_verbas_desvio_de_funcao;Mesmo Periodo Verbas Desvio De Funcao;d_entrevistas;Entrada por formulário web;;string;Lista seleção (texto);;5;;;;;;;;;;;;;;;;
136;meses_diferente_desvio_de_funcao;Meses Diferente Desvio De Funcao;d_entrevistas;Entrada por formulário web;;integer;número;;4;;;;;;;;;;;;;;;;
137;base_calculo_desvio_de_funcao;Base Calculo Desvio De Funcao;d_entrevistas;Entrada por formulário web;;decimal;Contábil (BRL);#.##0,00;22;2;;;;;;;;;;;;;;;
138;porcento_para_o_acumulo_desvio_de_funcao;Porcento Para O Acumulo Desvio De Funcao;d_entrevistas;Entrada por formulário web;;percentage;Número Percentual (%);0%;6;;;;;;;;;;;;;;;;
139;integrar_horas_extras_desvio_de_funcao;Integrar Horas Extras Desvio De Funcao;d_entrevistas;Entrada por formulário web;;string;Lista seleção (texto);;5;;;;;;;;;;;;;;;;
140;coeficiente_em_porcento_desvio_de_funcao;Coeficiente Em Porcento Desvio De Funcao;d_entrevistas;Entrada por formulário web;;percentage;Lista seleção (número %);;6;;;;;;;;;;;;;;;;
141;calcular_insalubridade;Calcular Insalubridade;d_entrevistas;Entrada por formulário web;;string;Lista seleção (texto);;5;;;;;;;;;;;;;;;;
142;descricao_entrevista_condicao_insalubre_insalubridade;Descricao Entrevista Condicao Insalubre Insalubridade;d_entrevistas;Entrada por formulário web;;string;texto;;2000;;;;;;;;;;;;;;;;
143;texto_personalizado_insalubridade_nulidade_gestante;Texto Personalizado Insalubridade Nulidade Gestante;d_entrevistas;Campo calculado;;string;texto;;2000;;;;;;;;;;;;;;;;
144;mesmo_periodo_verbas_insalubridade;Mesmo Periodo Verbas Insalubridade;d_entrevistas;Entrada por formulário web;;string;Lista seleção (texto);;5;;;;;;;;;;;;;;;;
145;periodo_aplicavel_insalubridade;Periodo Aplicavel Insalubridade;d_entrevistas;Campo calculado;;string;texto;;255;;;;;;;;;;;;;;;;
146;meses_diferente_insalubridade;Meses Diferente Insalubridade;d_entrevistas;Entrada por formulário web;;integer;número;;10;;;;;;;;;;;;;;;;
147;grau_insalubridade;Grau Insalubridade;d_entrevistas;Entrada por formulário web;;percentage;Lista seleção (número %);;5;;;;;;;;;;;;;;;;
148;texto_grau_insalubridade;Texto Grau Insalubridade;d_entrevistas;Campo calculado;;string;texto;;2000;;;;;;;;;;;;;;;;
149;integrar_horas_extras_insalubridade;Integrar Horas Extras Insalubridade;d_entrevistas;Entrada por formulário web;;string;Lista seleção (texto);;5;;;;;;;;;;;;;;;;
150;coeficiente_em_porcento_insalubridade;Coeficiente Em Porcento Insalubridade;d_entrevistas;Entrada por formulário web;;percentage;Lista seleção (número %);;6;;;;;;;;;;;;;;;;
151;calcular_periculosidade;Calcular Periculosidade;d_entrevistas;Entrada por formulário web;;string;Lista seleção (texto);;5;;;;;;;;;;;;;;;;
152;mesmo_periodo_verbas_periculosidade;Mesmo Periodo Verbas Periculosidade;d_entrevistas;Entrada por formulário web;;string;Lista seleção (texto);;5;;;;;;;;;;;;;;;;
153;meses_diferente_periculosidade;Meses Diferente Periculosidade;d_entrevistas;Entrada por formulário web;;integer;número;;10;;;;;;;;;;;;;;;;
154;base_de_calculo_periculosidade;Base De Calculo Periculosidade;d_entrevistas;Entrada por formulário web;;decimal;Contábil (BRL);#.##0,00;22;2;;;;;;;;;;;;;;;
155;porcento_do_adicional_periculosidade;Porcento Do Adicional Periculosidade;d_entrevistas;Entrada por formulário web;;percentage;Número Percentual (%);0%;6;;;;;;;;;;;;;;;;
156;integrar_horas_extras_periculosidade;Integrar Horas Extras Periculosidade;d_entrevistas;Entrada por formulário web;;string;Lista seleção (texto);;5;;;;;;;;;;;;;;;;
157;coeficiente_em_porcento_periculosidade;Coeficiente Em Porcento Periculosidade;d_entrevistas;Entrada por formulário web;;percentage;Lista seleção (número %);;6;;;;;;;;;;;;;;;;
158;calcular_prontidao;Calcular Prontidao;d_entrevistas;Entrada por formulário web;;string;Lista seleção (texto);;5;;;;;;;;;;;;;;;;
159;mesmo_periodo_verbas_prontidao;Mesmo Periodo Verbas Prontidao;d_entrevistas;Entrada por formulário web;;string;Lista seleção (texto);;5;;;;;;;;;;;;;;;;
160;meses_diferente_prontidao;Meses Diferente Prontidao;d_entrevistas;Entrada por formulário web;;integer;número;;10;;;;;;;;;;;;;;;;
161;mesma_base_de_calculo_horas_extras_prontidao;Mesma Base De Calculo Horas Extras Prontidao;d_entrevistas;Entrada por formulário web;;string;Lista seleção (texto);;5;;;;;;;;;;;;;;;;
162;base_de_calculo_periodo_he_diferente_prontidao;Base De Calculo Periodo He Diferente Prontidao;d_entrevistas;Entrada por formulário web;;decimal;Contábil (BRL);#.##0,00;22;2;;;;;;;;;;;;;;;
163;quantidade_horas_mes_prontidao;Quantidade Horas Mes Prontidao;d_entrevistas;Entrada por formulário web;;string;personalizado do tipo: x,xx 'horas';x,xx 'horas';12;;;;;;;;;;;;;;;;
164;calcular_sobreaviso;Calcular Sobreaviso;d_entrevistas;Entrada por formulário web;;string;Lista seleção (texto);;5;;;;;;;;;;;;;;;;
165;mesmo_periodo_verbas_sobreaviso;Mesmo Periodo Verbas Sobreaviso;d_entrevistas;Entrada por formulário web;;string;Lista seleção (texto);;5;;;;;;;;;;;;;;;;
166;meses_diferente_sobreaviso;Meses Diferente Sobreaviso;d_entrevistas;Entrada por formulário web;;integer;número;;4;;;;;;;;;;;;;;;;
167;mesma_base_de_calculo_horas_extras_sobreaviso;Mesma Base De Calculo Horas Extras Sobreaviso;d_entrevistas;Entrada por formulário web;;string;Lista seleção (texto);;5;;;;;;;;;;;;;;;;
168;base_de_calculo_periodo_he_diferente_sobreaviso;Base De Calculo Periodo He Diferente Sobreaviso;d_entrevistas;Entrada por formulário web;;decimal;Contábil (BRL);#.##0,00;22;2;;;;;;;;;;;;;;;
169;quantidade_horas_mes_sobreaviso;Quantidade Horas Mes Sobreaviso;d_entrevistas;Entrada por formulário web;;string;personalizado do tipo: x,xx 'horas';x,xx 'horas';12;;;;;;;;;;;;;;;;
170;calcular_adicional_noturno;Calcular Adicional Noturno;d_entrevistas;Entrada por formulário web;;string;Lista seleção (texto);;5;;;;;;;;;;;;;;;;
171;mesmo_periodo_verbas_adicional_noturno;Mesmo Periodo Verbas Adicional Noturno;d_entrevistas;Entrada por formulário web;;string;Lista seleção (texto);;5;;;;;;;;;;;;;;;;
172;meses_diferente_adicional_noturno;Meses Diferente Adicional Noturno;d_entrevistas;Entrada por formulário web;;integer;número;;4;;;;;;;;;;;;;;;;
173;modalidade_adicional_noturno;Modalidade Adicional Noturno;d_entrevistas;Entrada por formulário web;;string;Lista seleção (texto);;13;;;;;;;;;;;;;;;;
174;mesma_base_de_calculo_horas_extras_adicional_noturno;Mesma Base De Calculo Horas Extras Adicional Noturno;d_entrevistas;Entrada por formulário web;;string;Lista seleção (texto);;5;;;;;;;;;;;;;;;;
175;base_de_calculo_periodo_he_diferente_adicional_noturno;Base De Calculo Periodo He Diferente Adicional Noturno;d_entrevistas;Entrada por formulário web;;decimal;Contábil (BRL);#.##0,00;22;2;;;;;;;;;;;;;;;
176;minutos_noturnos_por_semana_adicional_noturno;Minutos Noturnos Por Semana Adicional Noturno;d_entrevistas;Entrada por formulário web;;integer;número;;6;;;;;;;;;;;;;;;;
177;integrar_horas_extras_adicional_noturno;Integrar Horas Extras Adicional Noturno;d_entrevistas;Entrada por formulário web;;string;Lista seleção (texto);;5;;;;;;;;;;;;;;;;
178;coeficiente_em_porcento_adicional_noturno;Coeficiente Em Porcento Adicional Noturno;d_entrevistas;Entrada por formulário web;;percentage;Lista seleção (número %);;6;;;;;;;;;;;;;;;;
179;calcular_horas_extras;Calcular Horas Extras;d_entrevistas;Entrada por formulário web;;string;Lista seleção (texto);;5;;;;;;;;;;;;;;;;
180;texto_reflexo_hora_extra_e_adicional_noturno;Texto Reflexo Hora Extra E Adicional Noturno;d_entrevistas;Campo calculado;;string;texto;;2000;;;;;;;;;;;;;;;;
181;mesmo_periodo_verbas_horas_extras;Mesmo Periodo Verbas Horas Extras;d_entrevistas;Entrada por formulário web;;string;Lista seleção (texto);;5;;;;;;;;;;;;;;;;
182;meses_diferente_horas_extras;Meses Diferente Horas Extras;d_entrevistas;Entrada por formulário web;;integer;número;;4;;;;;;;;;;;;;;;;
183;adicional_de_he_horas_extras;Adicional De He Horas Extras;d_entrevistas;Entrada por formulário web;;percentage;Número Percentual (%);0%;6;;;;;;;;;;;;;;;;
184;horas_extras_por_mes_horas_extras;Horas Extras Por Mes Horas Extras;d_entrevistas;Entrada por formulário web;;string;personalizado do tipo: x,xx 'horas';x,xx 'horas';12;;;;;;;;;;;;;;;;
185;calcular_feriados;Calcular Feriados;d_entrevistas;Entrada por formulário web;;string;Lista seleção (texto);;5;;;;;;;;;;;;;;;;
186;mesma_base_de_calculo_horas_extras_feriados;Mesma Base De Calculo Horas Extras Feriados;d_entrevistas;Entrada por formulário web;;string;Lista seleção (texto);;5;;;;;;;;;;;;;;;;
187;base_de_calculo_periodo_he_diferente_feriados;Base De Calculo Periodo He Diferente Feriados;d_entrevistas;Entrada por formulário web;;decimal;Contábil (BRL);#.##0,00;22;2;;;;;;;;;;;;;;;
188;horas_trabalhadas_por_feriado_feriados;Horas Trabalhadas Por Feriado Feriados;d_entrevistas;Entrada por formulário web;;string;personalizado do tipo: x,xx 'horas';x,xx 'horas';12;;;;;;;;;;;;;;;;
189;numero_de_feriados_trabalhados_dias_feriados;Numero De Feriados Trabalhados Dias Feriados;d_entrevistas;Entrada por formulário web;;string;personalizado do tipo: xx 'dias';xx 'dias';9;;;;;;;;;;;;;;;;
190;calcular_intervalo_intersemanal;Calcular Intervalo Intersemanal;d_entrevistas;Entrada por formulário web;;string;Lista seleção (texto);;5;;;;;;;;;;;;;;;;
191;mesma_base_de_calculo_horas_extras_intervalo_intersemanal;Mesma Base De Calculo Horas Extras Intervalo Intersemanal;d_entrevistas;Entrada por formulário web;;string;Lista seleção (texto);;5;;;;;;;;;;;;;;;;
192;base_de_calculo_periodo_he_diferente_intervalo_intersemanal;Base De Calculo Periodo He Diferente Intervalo Intersemanal;d_entrevistas;Entrada por formulário web;;decimal;Contábil (BRL);#.##0,00;22;2;;;;;;;;;;;;;;;
193;adicional_de_he_intervalo_intersemanal;Adicional De He Intervalo Intersemanal;d_entrevistas;Entrada por formulário web;;percentage;Número Percentual (%);0%;6;;;;;;;;;;;;;;;;
194;qtdade_de_intervalos_por_mes_intervalo_intersemanal;Qtdade De Intervalos Por Mes Intervalo Intersemanal;d_entrevistas;Entrada por formulário web;;string;personalizado do tipo: x,xx 'horas';x,xx 'horas';12;;;;;;;;;;;;;;;;
195;numero_de_meses_intervalo_intersemanal;Numero De Meses Intervalo Intersemanal;d_entrevistas;Entrada por formulário web;;string;personalizado do tipo: x,xx 'horas';x,xx 'horas';12;;;;;;;;;;;;;;;;
196;qtdade_de_intervalos_de_todo_contrato_intervalo_intersemanal;Qtdade De Intervalos De Todo Contrato Intervalo Intersemanal;d_entrevistas;Entrada por formulário web;;decimal;Contábil (BRL);#.##0,00;22;2;;;;;;;;;;;;;;;
197;calcular_interjornada;Calcular Interjornada;d_entrevistas;Entrada por formulário web;;string;Lista seleção (texto);;5;;;;;;;;;;;;;;;;
198;mesmo_periodo_verbas_interjornada;Mesmo Periodo Verbas Interjornada;d_entrevistas;Entrada por formulário web;;string;Lista seleção (texto);;5;;;;;;;;;;;;;;;;
199;quantidade_horas_mes_interjornada;Quantidade Horas Mes Interjornada;d_entrevistas;Entrada por formulário web;;string;personalizado do tipo: x,xx 'horas';x,xx 'horas';12;;;;;;;;;;;;;;;;
200;meses_diferente_interjornada;Meses Diferente Interjornada;d_entrevistas;Entrada por formulário web;;integer;número;;4;;;;;;;;;;;;;;;;
201;mesma_base_de_calculo_horas_extras_interjornada;Mesma Base De Calculo Horas Extras Interjornada;d_entrevistas;Entrada por formulário web;;string;Lista seleção (texto);;5;;;;;;;;;;;;;;;;
202;base_de_calculo_periodo_he_diferente_interjornada;Base De Calculo Periodo He Diferente Interjornada;d_entrevistas;Entrada por formulário web;;decimal;Contábil (BRL);#.##0,00;22;2;;;;;;;;;;;;;;;
203;calcular_intrajornada;Calcular Intrajornada;d_entrevistas;Entrada por formulário web;;string;Lista seleção (texto);;5;;;;;;;;;;;;;;;;
204;mesmo_periodo_verbas_intrajornada;Mesmo Periodo Verbas Intrajornada;d_entrevistas;Entrada por formulário web;;string;Lista seleção (texto);;5;;;;;;;;;;;;;;;;
205;quantidade_horas_mes_intrajornada;Quantidade Horas Mes Intrajornada;d_entrevistas;Entrada por formulário web;;string;personalizado do tipo: x,xx 'horas';x,xx 'horas';12;;;;;;;;;;;;;;;;
206;meses_diferente_intrajornada;Meses Diferente Intrajornada;d_entrevistas;Entrada por formulário web;;integer;número;;4;;;;;;;;;;;;;;;;
207;mesma_base_de_calculo_horas_extras_intrajornada;Mesma Base De Calculo Horas Extras Intrajornada;d_entrevistas;Entrada por formulário web;;string;Lista seleção (texto);;5;;;;;;;;;;;;;;;;
208;base_de_calculo_periodo_he_diferente_intrajornada;Base De Calculo Periodo He Diferente Intrajornada;d_entrevistas;Entrada por formulário web;;decimal;Contábil (BRL);#.##0,00;22;2;;;;;;;;;;;;;;;
209;calcular_seguro_desemprego;Calcular Seguro Desemprego;d_entrevistas;Entrada por formulário web;;string;Lista seleção (texto);;5;;;;;;;;;;;;;;;;
210;solicitacao_seguro_desemprego;Solicitacao Seguro Desemprego;d_entrevistas;Entrada por formulário web;;string;Lista seleção (texto);;16;;;;;;;;;;;;;;;;
211;ultimo_seguro_desemprego;Ultimo Seguro Desemprego;d_entrevistas;Entrada por formulário web;;decimal;Contábil (BRL);#.##0,00;22;2;;;;;;;;;;;;;;;
212;penultimo_seguro_desemprego;Penultimo Seguro Desemprego;d_entrevistas;Entrada por formulário web;;decimal;Contábil (BRL);#.##0,00;22;2;;;;;;;;;;;;;;;
213;antipenultimo_seguro_desemprego;Antipenultimo Seguro Desemprego;d_entrevistas;Entrada por formulário web;;decimal;Contábil (BRL);#.##0,00;22;2;;;;;;;;;;;;;;;
214;quantidade_parcelas_seguro_desemprego;Quantidade Parcelas Seguro Desemprego;d_entrevistas;Entrada por formulário web;;string;personalizado do tipo: xx 'parcelas';xx 'parcelas';13;;;;;;;;;;;;;;;;
215;calcular_gestante;Calcular Gestante;d_entrevistas;Entrada por formulário web;;string;Lista seleção (texto);;5;;;;;;;;;;;;;;;;
216;nulidade_ou_estabiliade_gestante;Nulidade Ou Estabiliade Gestante;d_entrevistas;Entrada por formulário web;;string;Lista seleção (texto);;5;;;;;;;;;;;;;;;;
217;valor_remuneracao_estabilidade_gestante;Valor Remuneracao Estabilidade Gestante;d_entrevistas;Entrada por formulário web;;decimal;Contábil (BRL);#.##0,00;22;2;R$ 1.234,56;;;;;;;;;;;;;;
218;data_exame_gestante;Data Exame Gestante;d_entrevistas;Entrada por formulário web;;date;data formato dd/mm/aaaa;dd/mm/yyyy;10;;01/01/2024;Validar data no formato dd/mm/yyyy;;;;;;;;;;;;;
219;semanas_indicadas_no_exame_gestante;Semanas Indicadas No Exame Gestante;d_entrevistas;Entrada por formulário web;;string;personalizado do tipo: xx 'semanas';xx 'semanas';12;;;;;;;;;;;;;;;;
220;calcular_estabilidade_indenizada;Calcular Estabilidade Indenizada;d_entrevistas;Entrada por formulário web;;string;Lista seleção (texto);;5;;;;;;;;;;;;;;;;
221;valor_remuneracao_estabilidade_estabilidade_indenizada;Valor Remuneracao Estabilidade Estabilidade Indenizada;d_entrevistas;Entrada por formulário web;;decimal;Contábil (BRL);#.##0,00;22;2;R$ 1.234,56;;;;;;;;;;;;;;
222;meses_estabilidade_indenizada;Meses Estabilidade Indenizada;d_entrevistas;Entrada por formulário web;;string;personalizado do tipo: xx 'meses';xx 'meses';10;;;;;;;;;;;;;;;;
223;calcular_acidente_de_trabalho_doenca_ocupacional;Calcular Acidente De Trabalho Doenca Ocupacional;d_entrevistas;Entrada por formulário web;;string;Lista seleção (texto);;5;;;;;;;;;;;;;;;;
224;remuneracao_base_acidente_de_trabalho_doenca_ocupacional;Remuneracao Base Acidente De Trabalho Doenca Ocupacional;d_entrevistas;Entrada por formulário web;;decimal;Contábil (BRL);#.##0,00;22;2;;;;;;;;;;;;;;;
225;data_nascimento_acidente_de_trabalho_doenca_ocupacional;Data Nascimento Acidente De Trabalho Doenca Ocupacional;d_entrevistas;Entrada por formulário web;;date;data formato dd/mm/aaaa;dd/mm/yyyy;10;;01/01/2024;Validar data no formato dd/mm/yyyy;;;;;;;;;;;;;
226;data_do_acidente_incapacidade_acidente_de_trabalho_doenca_ocupacional;Data Do Acidente Incapacidade Acidente De Trabalho Doenca Ocupacional;d_entrevistas;Entrada por formulário web;;date;data formato dd/mm/aaaa;dd/mm/yyyy;10;;01/01/2024;Validar data no formato dd/mm/yyyy;;;;;;;;;;;;;
227;porcento_reducao_cap_de_trabalho_acidente_de_trabalho_doenca_ocupacional;Porcento Reducao Cap De Trabalho Acidente De Trabalho Doenca Ocupacional;d_entrevistas;Entrada por formulário web;;percentage;Número Percentual (%);0%;6;;;;;;;;;;;;;;;;
228;expectativa_de_vida_acidente_de_trabalho_doenca_ocupacional;Expectativa De Vida Acidente De Trabalho Doenca Ocupacional;d_entrevistas;Entrada por formulário web;;string;personalizado do tipo: xx 'anos';xx 'anos';9;;;;;;;;;;;;;;;;
229;item_extra_1_total_dos_pedidos;Item Extra 1 Total Dos Pedidos;d_entrevistas;Entrada por formulário web;;decimal;Contábil (BRL);#.##0,00;22;2;;;;;;;;;;;;;;;
230;item_extra_2_total_dos_pedidos;Possível ítem Extra 2 Total Dos Pedidos;d_entrevistas;Entrada por formulário web;;decimal;Contábil (BRL);#.##0,00;22;2;;;;;;;;;;;;;;;
231;item_extra_3_total_dos_pedidos;Possível ítem Item Extra 3 Total Dos Pedidos;d_entrevistas;Entrada por formulário web;;decimal;Contábil (BRL);#.##0,00;22;2;;;;;;;;;;;;;;;
232;item_extra_4_total_dos_pedidos;Possível ítem Item Extra 4 Total Dos Pedidos;d_entrevistas;Entrada por formulário web;;decimal;Contábil (BRL);#.##0,00;22;2;;;;;;;;;;;;;;;
233;item_extra_5_total_dos_pedidos;Possível ítem Item Extra 5 Total Dos Pedidos;d_entrevistas;Entrada por formulário web;;decimal;Contábil (BRL);#.##0,00;22;2;;;;;;;;;;;;;;;
234;item_extra_6_total_dos_pedidos;Possível ítem Item Extra 6 Total Dos Pedidos;d_entrevistas;Entrada por formulário web;;decimal;Contábil (BRL);#.##0,00;22;2;;;;;;;;;;;;;;;
235;item_extra_7_total_dos_pedidos;Possível ítem Item Extra 7 Total Dos Pedidos;d_entrevistas;Entrada por formulário web;;decimal;Contábil (BRL);#.##0,00;22;2;;;;;;;;;;;;;;;
236;item_extra_8_total_dos_pedidos;Possível ítem Item Extra 8 Total Dos Pedidos;d_entrevistas;Entrada por formulário web;;decimal;Contábil (BRL);#.##0,00;22;2;;;;;;;;;;;;;;;
237;item_extra_9_total_dos_pedidos;Possível ítem Item Extra 9 Total Dos Pedidos;d_entrevistas;Entrada por formulário web;;decimal;Contábil (BRL);#.##0,00;22;2;;;;;;;;;;;;;;;
238;item_extra_10_total_dos_pedidos;Possível ítem Item Extra 10 Total Dos Pedidos;d_entrevistas;Entrada por formulário web;;decimal;Contábil (BRL);#.##0,00;22;2;;;;;;;;;;;;;;;
239;data_aviso_previo_base_calculo;Data Aviso Previo Base Calculo;d_entrevistas;Campo calculado;;date;data formato dd/mm/aaaa;dd/mm/yyyy;10;;01/01/2024;Validar data no formato dd/mm/yyyy;;;;;;;;;;;;;
240;texto_personalizado_aviso_previo;Texto Personalizado Aviso Previo;d_entrevistas;Campo calculado;;string;texto;;2000;;;;;;;;;;;;;;;;
241;tempo_total_trabalhado_base_calculo;Tempo Total Trabalhado Base Calculo;d_entrevistas;Campo calculado;;string;personalizado do tipo: xx 'meses';xx 'meses';10;;;;;;;;;;;;;;;;
242;meses_igual_terceirizacao;Meses Igual Terceirizacao;d_entrevistas;Campo calculado;;string;personalizado do tipo: xx 'meses';xx 'meses';10;;;;;;;;;;;;;;;;
243;saldo_salario_verbas_rescisorias;Saldo Salario Verbas Rescisorias;d_entrevistas;Campo calculado;;decimal;Contábil (BRL);#.##0,00;22;2;;;;;;;;;;;;;;;
244;aviso_previo_verbas_rescisorias;Aviso Previo Verbas Rescisorias;d_entrevistas;Campo calculado;;decimal;Contábil (BRL);#.##0,00;22;2;;;;;;;;;;;;;;;
245;decimo_terceiro_verbas_rescisorias;Decimo Terceiro Verbas Rescisorias;d_entrevistas;Campo calculado;;decimal;Contábil (BRL);#.##0,00;22;2;;;;;;;;;;;;;;;
246;ferias_terco_verbas_rescisorias;Ferias Terco Verbas Rescisorias;d_entrevistas;Campo calculado;;decimal;Contábil (BRL);#.##0,00;22;2;;;;;;;;;;;;;;;
247;multa_fgts_40_verbas_rescisorias;Multa Fgts 40 Verbas Rescisorias;d_entrevistas;Campo calculado;;decimal;Contábil (BRL);#.##0,00;22;2;;;;;;;;;;;;;;;
248;total_verbas_rescisorias;Total Verbas Rescisorias;d_entrevistas;Campo calculado;;decimal;Contábil (BRL);#.##0,00;22;2;;;;;;;;;;;;;;;
249;fgts_verbas_rescisorias;Fgts Verbas Rescisorias;d_entrevistas;Campo calculado;;decimal;Contábil (BRL);#.##0,00;22;2;;;;;;;;;;;;;;;
250;multa_477_verbas_rescisorias;Multa 477 Verbas Rescisorias;d_entrevistas;Campo calculado;;decimal;Contábil (BRL);#.##0,00;22;2;;;;;;;;;;;;;;;
251;multa_467_verbas_rescisorias;Multa 467 Verbas Rescisorias;d_entrevistas;Campo calculado;;decimal;Contábil (BRL);#.##0,00;22;2;;;;;;;;;;;;;;;
252;liquidacao_art_292;Liquidacao Art 292;d_entrevistas;Campo calculado;;decimal;Contábil (BRL);#.##0,00;22;2;;;;;;;;;;;;;;;
253;salario_bruto_decimo_terceiro_anual;Salario Bruto Decimo Terceiro Anual;d_entrevistas;Campo calculado;;decimal;Contábil (BRL);#.##0,00;22;2;;;;;;;;;;;;;;;
254;valor_ref_ao_mes_decimo_terceiro_anual;Valor Ref Ao Mes Decimo Terceiro Anual;d_entrevistas;Campo calculado;;decimal;Contábil (BRL);#.##0,00;22;2;R$ 1.234,56;;;;;;;;;;;;;;
255;valor_do_ano_1_decimo_terceiro_anual;Valor Do Ano 1 Decimo Terceiro Anual;d_entrevistas;Campo calculado;;decimal;Contábil (BRL);#.##0,00;22;2;R$ 1.234,56;;;;;;;;;;;;;;
256;valor_do_ano_2_decimo_terceiro_anual;Valor Do Ano 2 Decimo Terceiro Anual;d_entrevistas;Campo calculado;;decimal;Contábil (BRL);#.##0,00;22;2;R$ 1.234,56;;;;;;;;;;;;;;
257;valor_do_ano_3_decimo_terceiro_anual;Valor Do Ano 3 Decimo Terceiro Anual;d_entrevistas;Campo calculado;;decimal;Contábil (BRL);#.##0,00;22;2;R$ 1.234,56;;;;;;;;;;;;;;
258;valor_do_ano_4_decimo_terceiro_anual;Valor Do Ano 4 Decimo Terceiro Anual;d_entrevistas;Campo calculado;;decimal;Contábil (BRL);#.##0,00;22;2;R$ 1.234,56;;;;;;;;;;;;;;
259;valor_do_ano_5_decimo_terceiro_anual;Valor Do Ano 5 Decimo Terceiro Anual;d_entrevistas;Campo calculado;;decimal;Contábil (BRL);#.##0,00;22;2;R$ 1.234,56;;;;;;;;;;;;;;
260;valor_do_ano_6_decimo_terceiro_anual;Valor Do Ano 6 Decimo Terceiro Anual;d_entrevistas;Campo calculado;;decimal;Contábil (BRL);#.##0,00;22;2;R$ 1.234,56;;;;;;;;;;;;;;
261;valor_do_ano_7_decimo_terceiro_anual;Valor Do Ano 7 Decimo Terceiro Anual;d_entrevistas;Campo calculado;;decimal;Contábil (BRL);#.##0,00;22;2;R$ 1.234,56;;;;;;;;;;;;;;
262;valor_do_ano_8_decimo_terceiro_anual;Valor Do Ano 8 Decimo Terceiro Anual;d_entrevistas;Campo calculado;;decimal;Contábil (BRL);#.##0,00;22;2;R$ 1.234,56;;;;;;;;;;;;;;
263;valor_do_ano_9_decimo_terceiro_anual;Valor Do Ano 9 Decimo Terceiro Anual;d_entrevistas;Campo calculado;;decimal;Contábil (BRL);#.##0,00;22;2;R$ 1.234,56;;;;;;;;;;;;;;
264;valor_do_ano_10_decimo_terceiro_anual;Valor Do Ano 10 Decimo Terceiro Anual;d_entrevistas;Campo calculado;;decimal;Contábil (BRL);#.##0,00;22;2;R$ 1.234,56;;;;;;;;;;;;;;
265;principal_decimo_terceiro_anual;Principal Decimo Terceiro Anual;d_entrevistas;Campo calculado;;decimal;Contábil (BRL);#.##0,00;22;2;;;;;;;;;;;;;;;
266;temas_com_reflexo_entrevista_decimo_terceiro_anual;Temas Com Reflexo Entrevista Decimo Terceiro Anual;d_entrevistas;Campo calculado;;string;texto;;255;;;;;;;;;;;;;;;;
267;salario_bruto_decimo_terceiro_recisorio;Salario Bruto Decimo Terceiro Recisorio;d_entrevistas;Campo calculado;;decimal;Contábil (BRL);#.##0,00;22;2;;;;;;;;;;;;;;;
268;meses_igual_decimo_terceiro_rescisorio;Meses Igual Decimo Terceiro Recisorio;d_entrevistas;Campo calculado;;string;personalizado do tipo: xx 'meses';xx 'meses';10;;;;;;;;;;;;;;;;
269;valor_ref_ao_mes_decimo_terceiro_recisorio;Valor Ref Ao Mes Decimo Terceiro Recisorio;d_entrevistas;Campo calculado;;decimal;Contábil (BRL);#.##0,00;22;2;R$ 1.234,56;;;;;;;;;;;;;;
270;valor_do_principal_decimo_terceiro_recisorio;Valor Do Principal Decimo Terceiro Recisorio;d_entrevistas;Campo calculado;;decimal;Contábil (BRL);#.##0,00;22;2;R$ 1.234,56;;;;;;;;;;;;;;
271;principal_decimo_terceiro_recisorio;Principal Decimo Terceiro Recisorio;d_entrevistas;Campo calculado;;decimal;Contábil (BRL);#.##0,00;22;2;;;;;;;;;;;;;;;
272;salario_bruto_ferias_anuais;Salario Bruto Ferias Anuais;d_entrevistas;Campo calculado;;decimal;Contábil (BRL);#.##0,00;22;2;;;;;;;;;;;;;;;
273;valor_ref_ao_mes_ferias_anuais;Valor Ref Ao Mes Ferias Anuais;d_entrevistas;Campo calculado;;decimal;Contábil (BRL);#.##0,00;22;2;R$ 1.234,56;;;;;;;;;;;;;;
274;primeiro_pdo_aquisitivo_ferias_anuais;Primeiro Pdo Aquisitivo Ferias Anuais;d_entrevistas;Campo calculado;;decimal;Contábil (BRL);#.##0,00;22;2;;;;;;;;;;;;;;;
275;segundo_pdo_aquisitivo_ferias_anuais;Segundo Pdo Aquisitivo Ferias Anuais;d_entrevistas;Campo calculado;;decimal;Contábil (BRL);#.##0,00;22;2;;;;;;;;;;;;;;;
276;terceiro_pdo_aquisitivo_ferias_anuais;Terceiro Pdo Aquisitivo Ferias Anuais;d_entrevistas;Campo calculado;;decimal;Contábil (BRL);#.##0,00;22;2;;;;;;;;;;;;;;;
277;quarto_pdo_aquisitivo_ferias_anuais;Quarto Pdo Aquisitivo Ferias Anuais;d_entrevistas;Campo calculado;;decimal;Contábil (BRL);#.##0,00;22;2;;;;;;;;;;;;;;;
278;quinto_pdo_aquisitivo_ferias_anuais;Quinto Pdo Aquisitivo Ferias Anuais;d_entrevistas;Campo calculado;;decimal;Contábil (BRL);#.##0,00;22;2;;;;;;;;;;;;;;;
279;principal_ferias_anuais;Principal Ferias Anuais;d_entrevistas;Campo calculado;;decimal;Contábil (BRL);#.##0,00;22;2;;;;;;;;;;;;;;;
280;temas_com_reflexo_entrevista_ferias_anuais;Temas Com Reflexo Entrevista Ferias Anuais;d_entrevistas;Campo calculado;;string;texto;;255;;;;;;;;;;;;;;;;
281;salario_bruto_ferias_proporcionais_recisoria;Salario Bruto Ferias Proporcionais Recisoria;d_entrevistas;Campo calculado;;decimal;Contábil (BRL);#.##0,00;22;2;;;;;;;;;;;;;;;
282;meses_igual_ferias_proporcionais_recisoria;Meses Igual Ferias Proporcionais Recisoria;d_entrevistas;Campo calculado;;string;personalizado do tipo: xx 'meses';xx 'meses';10;;;;;;;;;;;;;;;;
283;valor_ref_ao_mes_ferias_proporcionais_recisoria;Valor Ref Ao Mes Ferias Proporcionais Recisoria;d_entrevistas;Campo calculado;;decimal;Contábil (BRL);#.##0,00;22;2;R$ 1.234,56;;;;;;;;;;;;;;
284;valor_do_principal_ferias_proporcionais_recisoria;Valor Do Principal Ferias Proporcionais Recisoria;d_entrevistas;Campo calculado;;decimal;Contábil (BRL);#.##0,00;22;2;R$ 1.234,56;;;;;;;;;;;;;;
285;principal_ferias_proporcionais_recisoria;Principal Ferias Proporcionais Recisoria;d_entrevistas;Campo calculado;;decimal;Contábil (BRL);#.##0,00;22;2;;;;;;;;;;;;;;;
286;meses_igual_equiparacao_salarial;Meses Igual Equiparacao Salarial;d_entrevistas;Campo calculado;;string;personalizado do tipo: xx 'meses';xx 'meses';10;;;;;;;;;;;;;;;;
287;valor_ref_ao_mes_equiparacao_salarial;Valor Ref Ao Mes Equiparacao Salarial;d_entrevistas;Campo calculado;;decimal;Contábil (BRL);#.##0,00;22;2;R$ 1.234,56;;;;;;;;;;;;;;
288;valor_do_principal_equiparacao_salarial;Valor Do Principal Equiparacao Salarial;d_entrevistas;Campo calculado;;decimal;Contábil (BRL);#.##0,00;22;2;R$ 1.234,56;;;;;;;;;;;;;;
289;decimo_terceiro_equiparacao_salarial;Decimo Terceiro Equiparacao Salarial;d_entrevistas;Campo calculado;;decimal;Contábil (BRL);#.##0,00;22;2;;;;;;;;;;;;;;;
290;ferias_terco_equiparacao_salarial;Ferias Terco Equiparacao Salarial;d_entrevistas;Campo calculado;;decimal;Contábil (BRL);#.##0,00;22;2;;;;;;;;;;;;;;;
291;aviso_previo_equiparacao_salarial;Aviso Previo Equiparacao Salarial;d_entrevistas;Campo calculado;;decimal;Contábil (BRL);#.##0,00;22;2;;;;;;;;;;;;;;;
292;fgts_equiparacao_salarial;Fgts Equiparacao Salarial;d_entrevistas;Campo calculado;;decimal;Contábil (BRL);#.##0,00;22;2;;;;;;;;;;;;;;;
293;multa_fgts_40_equiparacao_salarial;Multa Fgts 40 Equiparacao Salarial;d_entrevistas;Campo calculado;;decimal;Contábil (BRL);#.##0,00;22;2;;;;;;;;;;;;;;;
294;principal_reflexos_equiparacao_salarial;Principal Reflexos Equiparacao Salarial;d_entrevistas;Campo calculado;;decimal;Contábil (BRL);#.##0,00;22;2;;;;;;;;;;;;;;;
295;meses_igual_piso_salarial;Meses Igual Piso Salarial;d_entrevistas;Campo calculado;;string;personalizado do tipo: xx 'meses';xx 'meses';10;;;;;;;;;;;;;;;;
296;valor_ref_ao_mes_piso_salarial;Valor Ref Ao Mes Piso Salarial;d_entrevistas;Campo calculado;;decimal;Contábil (BRL);#.##0,00;22;2;R$ 1.234,56;;;;;;;;;;;;;;
297;valor_do_principal_piso_salarial;Valor Do Principal Piso Salarial;d_entrevistas;Campo calculado;;decimal;Contábil (BRL);#.##0,00;22;2;R$ 1.234,56;;;;;;;;;;;;;;
298;decimo_terceiro_piso_salarial;Decimo Terceiro Piso Salarial;d_entrevistas;Campo calculado;;decimal;Contábil (BRL);#.##0,00;22;2;;;;;;;;;;;;;;;
299;ferias_terco_piso_salarial;Ferias Terco Piso Salarial;d_entrevistas;Campo calculado;;decimal;Contábil (BRL);#.##0,00;22;2;;;;;;;;;;;;;;;
300;aviso_previo_piso_salarial;Aviso Previo Piso Salarial;d_entrevistas;Campo calculado;;decimal;Contábil (BRL);#.##0,00;22;2;;;;;;;;;;;;;;;
301;fgts_piso_salarial;Fgts Piso Salarial;d_entrevistas;Campo calculado;;decimal;Contábil (BRL);#.##0,00;22;2;;;;;;;;;;;;;;;
302;multa_fgts_40_piso_salarial;Multa Fgts 40 Piso Salarial;d_entrevistas;Campo calculado;;decimal;Contábil (BRL);#.##0,00;22;2;;;;;;;;;;;;;;;
303;principal_reflexos_piso_salarial;Principal Reflexos Piso Salarial;d_entrevistas;Campo calculado;;decimal;Contábil (BRL);#.##0,00;22;2;;;;;;;;;;;;;;;
304;meses_igual_salario_por_fora;Meses Igual Salario Por Fora;d_entrevistas;Campo calculado;;string;personalizado do tipo: xx 'meses';xx 'meses';10;;;;;;;;;;;;;;;;
305;valor_ref_ao_mes_salario_por_fora;Valor Ref Ao Mes Salario Por Fora;d_entrevistas;Campo calculado;;decimal;Contábil (BRL);#.##0,00;22;2;R$ 1.234,56;;;;;;;;;;;;;;
306;valor_do_principal_salario_por_fora;Valor Do Principal Salario Por Fora;d_entrevistas;Campo calculado;;decimal;Contábil (BRL);#.##0,00;22;2;R$ 1.234,56;;;;;;;;;;;;;;
307;decimo_terceiro_salario_por_fora;Decimo Terceiro Salario Por Fora;d_entrevistas;Campo calculado;;decimal;Contábil (BRL);#.##0,00;22;2;;;;;;;;;;;;;;;
308;ferias_terco_salario_por_fora;Ferias Terco Salario Por Fora;d_entrevistas;Campo calculado;;decimal;Contábil (BRL);#.##0,00;22;2;;;;;;;;;;;;;;;
309;aviso_previo_salario_por_fora;Aviso Previo Salario Por Fora;d_entrevistas;Campo calculado;;decimal;Contábil (BRL);#.##0,00;22;2;;;;;;;;;;;;;;;
310;fgts_salario_por_fora;Fgts Salario Por Fora;d_entrevistas;Campo calculado;;decimal;Contábil (BRL);#.##0,00;22;2;;;;;;;;;;;;;;;
311;multa_fgts_40_salario_por_fora;Multa Fgts 40 Salario Por Fora;d_entrevistas;Campo calculado;;decimal;Contábil (BRL);#.##0,00;22;2;;;;;;;;;;;;;;;
312;principal_reflexos_salario_por_fora;Principal Reflexos Salario Por Fora;d_entrevistas;Campo calculado;;decimal;Contábil (BRL);#.##0,00;22;2;;;;;;;;;;;;;;;
313;meses_igual_reducao_salarial;Meses Igual Reducao Salarial;d_entrevistas;Campo calculado;;string;personalizado do tipo: xx 'meses';xx 'meses';10;;;;;;;;;;;;;;;;
314;valor_ref_ao_mes_reducao_salarial;Valor Ref Ao Mes Reducao Salarial;d_entrevistas;Campo calculado;;decimal;Contábil (BRL);#.##0,00;22;2;R$ 1.234,56;;;;;;;;;;;;;;
315;valor_do_principal_reducao_salarial;Valor Do Principal Reducao Salarial;d_entrevistas;Campo calculado;;decimal;Contábil (BRL);#.##0,00;22;2;R$ 1.234,56;;;;;;;;;;;;;;
316;decimo_terceiro_reducao_salarial;Decimo Terceiro Reducao Salarial;d_entrevistas;Campo calculado;;decimal;Contábil (BRL);#.##0,00;22;2;;;;;;;;;;;;;;;
317;ferias_terco_reducao_salarial;Ferias Terco Reducao Salarial;d_entrevistas;Campo calculado;;decimal;Contábil (BRL);#.##0,00;22;2;;;;;;;;;;;;;;;
318;aviso_previo_reducao_salarial;Aviso Previo Reducao Salarial;d_entrevistas;Campo calculado;;decimal;Contábil (BRL);#.##0,00;22;2;;;;;;;;;;;;;;;
319;fgts_reducao_salarial;Fgts Reducao Salarial;d_entrevistas;Campo calculado;;decimal;Contábil (BRL);#.##0,00;22;2;;;;;;;;;;;;;;;
320;multa_fgts_40_reducao_salarial;Multa Fgts 40 Reducao Salarial;d_entrevistas;Campo calculado;;decimal;Contábil (BRL);#.##0,00;22;2;;;;;;;;;;;;;;;
321;principal_reflexos_reducao_salarial;Principal Reflexos Reducao Salarial;d_entrevistas;Campo calculado;;decimal;Contábil (BRL);#.##0,00;22;2;;;;;;;;;;;;;;;
322;meses_igual_integracao_de_comissoes;Meses Igual Integracao De Comissoes;d_entrevistas;Campo calculado;;string;personalizado do tipo: xx 'meses';xx 'meses';10;;;;;;;;;;;;;;;;
323;valor_ref_ao_mes_integracao_de_comissoes;Valor Ref Ao Mes Integracao De Comissoes;d_entrevistas;Campo calculado;;decimal;Contábil (BRL);#.##0,00;22;2;R$ 1.234,56;;;;;;;;;;;;;;
324;valor_do_principal_integracao_de_comissoes;Valor Do Principal Integracao De Comissoes;d_entrevistas;Campo calculado;;decimal;Contábil (BRL);#.##0,00;22;2;R$ 1.234,56;;;;;;;;;;;;;;
325;decimo_terceiro_integracao_de_comissoes;Decimo Terceiro Integracao De Comissoes;d_entrevistas;Campo calculado;;decimal;Contábil (BRL);#.##0,00;22;2;;;;;;;;;;;;;;;
326;ferias_terco_integracao_de_comissoes;Ferias Terco Integracao De Comissoes;d_entrevistas;Campo calculado;;decimal;Contábil (BRL);#.##0,00;22;2;;;;;;;;;;;;;;;
327;aviso_previo_integracao_de_comissoes;Aviso Previo Integracao De Comissoes;d_entrevistas;Campo calculado;;decimal;Contábil (BRL);#.##0,00;22;2;;;;;;;;;;;;;;;
328;fgts_integracao_de_comissoes;Fgts Integracao De Comissoes;d_entrevistas;Campo calculado;;decimal;Contábil (BRL);#.##0,00;22;2;;;;;;;;;;;;;;;
329;multa_fgts_40_integracao_de_comissoes;Multa Fgts 40 Integracao De Comissoes;d_entrevistas;Campo calculado;;decimal;Contábil (BRL);#.##0,00;22;2;;;;;;;;;;;;;;;
330;principal_reflexos_integracao_de_comissoes;Principal Reflexos Integracao De Comissoes;d_entrevistas;Campo calculado;;decimal;Contábil (BRL);#.##0,00;22;2;;;;;;;;;;;;;;;
331;meses_igual_acumulo_funcao;Meses Igual Acumulo Funcao;d_entrevistas;Campo calculado;;string;personalizado do tipo: xx 'meses';xx 'meses';10;;;;;;;;;;;;;;;;
332;valor_ref_ao_mes_acumulo_funcao;Valor Ref Ao Mes Acumulo Funcao;d_entrevistas;Campo calculado;;decimal;Contábil (BRL);#.##0,00;22;2;R$ 1.234,56;;;;;;;;;;;;;;
333;valor_do_principal_acumulo_funcao;Valor Do Principal Acumulo Funcao;d_entrevistas;Campo calculado;;decimal;Contábil (BRL);#.##0,00;22;2;R$ 1.234,56;;;;;;;;;;;;;;
334;decimo_terceiro_acumulo_funcao;Decimo Terceiro Acumulo Funcao;d_entrevistas;Campo calculado;;decimal;Contábil (BRL);#.##0,00;22;2;;;;;;;;;;;;;;;
335;ferias_terco_acumulo_funcao;Ferias Terco Acumulo Funcao;d_entrevistas;Campo calculado;;decimal;Contábil (BRL);#.##0,00;22;2;;;;;;;;;;;;;;;
336;aviso_previo_acumulo_funcao;Aviso Previo Acumulo Funcao;d_entrevistas;Campo calculado;;decimal;Contábil (BRL);#.##0,00;22;2;;;;;;;;;;;;;;;
337;fgts_acumulo_funcao;Fgts Acumulo Funcao;d_entrevistas;Campo calculado;;decimal;Contábil (BRL);#.##0,00;22;2;;;;;;;;;;;;;;;
338;multa_fgts_40_acumulo_funcao;Multa Fgts 40 Acumulo Funcao;d_entrevistas;Campo calculado;;decimal;Contábil (BRL);#.##0,00;22;2;;;;;;;;;;;;;;;
339;principal_reflexos_acumulo_funcao;Principal Reflexos Acumulo Funcao;d_entrevistas;Campo calculado;;decimal;Contábil (BRL);#.##0,00;22;2;;;;;;;;;;;;;;;
340;temas_com_reflexo_entrevista_acumulo_funcao;Temas Com Reflexo Entrevista Acumulo Funcao;d_entrevistas;Campo calculado;;string;texto;;100;;;;;;;;;;;;;;;;
341;meses_igual_desvio_de_funcao;Meses Igual Desvio De Funcao;d_entrevistas;Campo calculado;;string;personalizado do tipo: xx 'meses';xx 'meses';10;;;;;;;;;;;;;;;;
342;valor_ref_ao_mes_desvio_de_funcao;Valor Ref Ao Mes Desvio De Funcao;d_entrevistas;Campo calculado;;decimal;Contábil (BRL);#.##0,00;22;2;R$ 1.234,56;;;;;;;;;;;;;;
343;valor_do_principal_desvio_de_funcao;Valor Do Principal Desvio De Funcao;d_entrevistas;Campo calculado;;decimal;Contábil (BRL);#.##0,00;22;2;R$ 1.234,56;;;;;;;;;;;;;;
344;decimo_terceiro_desvio_de_funcao;Decimo Terceiro Desvio De Funcao;d_entrevistas;Campo calculado;;decimal;Contábil (BRL);#.##0,00;22;2;;;;;;;;;;;;;;;
345;ferias_terco_desvio_de_funcao;Ferias Terco Desvio De Funcao;d_entrevistas;Campo calculado;;decimal;Contábil (BRL);#.##0,00;22;2;;;;;;;;;;;;;;;
346;aviso_previo_desvio_de_funcao;Aviso Previo Desvio De Funcao;d_entrevistas;Campo calculado;;decimal;Contábil (BRL);#.##0,00;22;2;;;;;;;;;;;;;;;
347;fgts_desvio_de_funcao;Fgts Desvio De Funcao;d_entrevistas;Campo calculado;;decimal;Contábil (BRL);#.##0,00;22;2;;;;;;;;;;;;;;;
348;multa_fgts_40_desvio_de_funcao;Multa Fgts 40 Desvio De Funcao;d_entrevistas;Campo calculado;;decimal;Contábil (BRL);#.##0,00;22;2;;;;;;;;;;;;;;;
349;principal_reflexos_desvio_de_funcao;Principal Reflexos Desvio De Funcao;d_entrevistas;Campo calculado;;decimal;Contábil (BRL);#.##0,00;22;2;;;;;;;;;;;;;;;
350;meses_igual_insalubridade;Meses Igual Insalubridade;d_entrevistas;Campo calculado;;string;personalizado do tipo: xx 'meses';xx 'meses';10;;;;;;;;;;;;;;;;
351;valor_ref_ao_mes_insalubridade;Valor Ref Ao Mes Insalubridade;d_entrevistas;Campo calculado;;decimal;Contábil (BRL);#.##0,00;22;2;R$ 1.234,56;;;;;;;;;;;;;;
352;valor_do_principal_insalubridade;Valor Do Principal Insalubridade;d_entrevistas;Campo calculado;;decimal;Contábil (BRL);#.##0,00;22;2;R$ 1.234,56;;;;;;;;;;;;;;
353;decimo_terceiro_reflexo_insalubridade;Decimo Terceiro Reflexo Insalubridade;d_entrevistas;Campo calculado;;decimal;Contábil (BRL);#.##0,00;22;2;;;;;;;;;;;;;;;
354;ferias_terco_reflexo_insalubridade;Ferias Terco Reflexo Insalubridade;d_entrevistas;Campo calculado;;decimal;Contábil (BRL);#.##0,00;22;2;;;;;;;;;;;;;;;
355;aviso_previo_reflexo_insalubridade;Aviso Previo Reflexo Insalubridade;d_entrevistas;Campo calculado;;decimal;Contábil (BRL);#.##0,00;22;2;;;;;;;;;;;;;;;
356;fgts_reflexo_insalubridade;Fgts Reflexo Insalubridade;d_entrevistas;Campo calculado;;decimal;Contábil (BRL);#.##0,00;22;2;;;;;;;;;;;;;;;
357;multa_fgts_40_reflexo_insalubridade;Multa Fgts 40 Reflexo Insalubridade;d_entrevistas;Campo calculado;;decimal;Contábil (BRL);#.##0,00;22;2;;;;;;;;;;;;;;;
358;principal_reflexos_insalubridade;Principal Reflexos Insalubridade;d_entrevistas;Campo calculado;;decimal;Contábil (BRL);#.##0,00;22;2;;;;;;;;;;;;;;;
359;meses_igual_periculosidade;Meses Igual Periculosidade;d_entrevistas;Campo calculado;;string;personalizado do tipo: xx 'meses';xx 'meses';10;;;;;;;;;;;;;;;;
360;valor_ref_ao_mes_periculosidade;Valor Ref Ao Mes Periculosidade;d_entrevistas;Campo calculado;;decimal;Contábil (BRL);#.##0,00;22;2;R$ 1.234,56;;;;;;;;;;;;;;
361;valor_do_principal_periculosidade;Valor Do Principal Periculosidade;d_entrevistas;Campo calculado;;decimal;Contábil (BRL);#.##0,00;22;2;R$ 1.234,56;;;;;;;;;;;;;;
362;decimo_terceiro_periculosidade;Decimo Terceiro Periculosidade;d_entrevistas;Campo calculado;;decimal;Contábil (BRL);#.##0,00;22;2;;;;;;;;;;;;;;;
363;ferias_terco_periculosidade;Ferias Terco Periculosidade;d_entrevistas;Campo calculado;;decimal;Contábil (BRL);#.##0,00;22;2;;;;;;;;;;;;;;;
364;aviso_previo_periculosidade;Aviso Previo Periculosidade;d_entrevistas;Campo calculado;;decimal;Contábil (BRL);#.##0,00;22;2;;;;;;;;;;;;;;;
365;fgts_periculosidade;Fgts Periculosidade;d_entrevistas;Campo calculado;;decimal;Contábil (BRL);#.##0,00;22;2;;;;;;;;;;;;;;;
366;multa_fgts_40_periculosidade;Multa Fgts 40 Periculosidade;d_entrevistas;Campo calculado;;decimal;Contábil (BRL);#.##0,00;22;2;;;;;;;;;;;;;;;
367;principal_reflexos_periculosidade;Principal Reflexos Periculosidade;d_entrevistas;Campo calculado;;decimal;Contábil (BRL);#.##0,00;22;2;;;;;;;;;;;;;;;
368;base_de_calculo_mesmo_periodo_he__prontidao;Base De Calculo Mesmo Periodo He  Prontidao;d_entrevistas;Campo calculado;;decimal;Contábil (BRL);#.##0,00;22;2;;;;;;;;;;;;;;;
369;meses_igual_prontidao;Meses Igual Prontidao;d_entrevistas;Campo calculado;;string;personalizado do tipo: xx 'meses';xx 'meses';10;;;;;;;;;;;;;;;;
370;valor_hora_prontidao;Valor Hora Prontidao;d_entrevistas;Campo calculado;;decimal;Contábil (BRL);#.##0,00;22;2;R$ 1.234,56;;;;;;;;;;;;;;
371;valor_ref_ao_mes_prontidao;Valor Ref Ao Mes Prontidao;d_entrevistas;Campo calculado;;decimal;Contábil (BRL);#.##0,00;22;2;R$ 1.234,56;;;;;;;;;;;;;;
372;dsr_ref_ao_mes_prontidao;Dsr Ref Ao Mes Prontidao;d_entrevistas;Campo calculado;;decimal;Contábil (BRL);#.##0,00;22;2;;;;;;;;;;;;;;;
373;valor_do_principal_prontidao;Valor Do Principal Prontidao;d_entrevistas;Campo calculado;;decimal;Contábil (BRL);#.##0,00;22;2;R$ 1.234,56;;;;;;;;;;;;;;
374;dsr_prontidao;Dsr Prontidao;d_entrevistas;Campo calculado;;decimal;Contábil (BRL);#.##0,00;22;2;;;;;;;;;;;;;;;
375;decimo_terceiro_prontidao;Decimo Terceiro Prontidao;d_entrevistas;Campo calculado;;decimal;Contábil (BRL);#.##0,00;22;2;;;;;;;;;;;;;;;
376;ferias_terco_prontidao;Ferias Terco Prontidao;d_entrevistas;Campo calculado;;decimal;Contábil (BRL);#.##0,00;22;2;;;;;;;;;;;;;;;
377;aviso_previo_prontidao;Aviso Previo Prontidao;d_entrevistas;Campo calculado;;decimal;Contábil (BRL);#.##0,00;22;2;;;;;;;;;;;;;;;
378;fgts_prontidao;Fgts Prontidao;d_entrevistas;Campo calculado;;decimal;Contábil (BRL);#.##0,00;22;2;;;;;;;;;;;;;;;
379;multa_fgts_40_prontidao;Multa Fgts 40 Prontidao;d_entrevistas;Campo calculado;;decimal;Contábil (BRL);#.##0,00;22;2;;;;;;;;;;;;;;;
380;principal_reflexos_prontidao;Principal Reflexos Prontidao;d_entrevistas;Campo calculado;;decimal;Contábil (BRL);#.##0,00;22;2;;;;;;;;;;;;;;;
381;base_de_calculo_mesmo_periodo_he__sobreaviso;Base De Calculo Mesmo Periodo He  Sobreaviso;d_entrevistas;Campo calculado;;decimal;Contábil (BRL);#.##0,00;22;2;;;;;;;;;;;;;;;
382;meses_igual_sobreaviso;Meses Igual Sobreaviso;d_entrevistas;Campo calculado;;string;personalizado do tipo: xx 'meses';xx 'meses';10;;;;;;;;;;;;;;;;
383;valor_hora_sobreaviso;Valor Hora Sobreaviso;d_entrevistas;Campo calculado;;decimal;Contábil (BRL);#.##0,00;22;2;R$ 1.234,56;;;;;;;;;;;;;;
384;valor_ref_ao_mes_sobreaviso;Valor Ref Ao Mes Sobreaviso;d_entrevistas;Campo calculado;;decimal;Contábil (BRL);#.##0,00;22;2;R$ 1.234,56;;;;;;;;;;;;;;
385;dsr_ref_ao_mes_sobreaviso;Dsr Ref Ao Mes Sobreaviso;d_entrevistas;Campo calculado;;decimal;Contábil (BRL);#.##0,00;22;2;;;;;;;;;;;;;;;
386;valor_do_principal_sobreaviso;Valor Do Principal Sobreaviso;d_entrevistas;Campo calculado;;decimal;Contábil (BRL);#.##0,00;22;2;R$ 1.234,56;;;;;;;;;;;;;;
387;dsr_sobreaviso;Dsr Sobreaviso;d_entrevistas;Campo calculado;;decimal;Contábil (BRL);#.##0,00;22;2;;;;;;;;;;;;;;;
388;decimo_terceiro_sobreaviso;Decimo Terceiro Sobreaviso;d_entrevistas;Campo calculado;;decimal;Contábil (BRL);#.##0,00;22;2;;;;;;;;;;;;;;;
389;ferias_terco_sobreaviso;Ferias Terco Sobreaviso;d_entrevistas;Campo calculado;;decimal;Contábil (BRL);#.##0,00;22;2;;;;;;;;;;;;;;;
390;aviso_previo_sobreaviso;Aviso Previo Sobreaviso;d_entrevistas;Campo calculado;;decimal;Contábil (BRL);#.##0,00;22;2;;;;;;;;;;;;;;;
391;fgts_sobreaviso;Fgts Sobreaviso;d_entrevistas;Campo calculado;;decimal;Contábil (BRL);#.##0,00;22;2;;;;;;;;;;;;;;;
392;multa_fgts_40_sobreaviso;Multa Fgts 40 Sobreaviso;d_entrevistas;Campo calculado;;decimal;Contábil (BRL);#.##0,00;22;2;;;;;;;;;;;;;;;
393;principal_reflexos_sobreaviso;Principal Reflexos Sobreaviso;d_entrevistas;Campo calculado;;decimal;Contábil (BRL);#.##0,00;22;2;;;;;;;;;;;;;;;
394;base_de_calculo_mesmo_periodo_he__adicional_noturno;Base De Calculo Mesmo Periodo He  Adicional Noturno;d_entrevistas;Campo calculado;;decimal;Contábil (BRL);#.##0,00;22;2;;;;;;;;;;;;;;;
395;horas_fictas_noturnas_por_mes_adicional_noturno;Horas Fictas Noturnas Por Mes Adicional Noturno;d_entrevistas;Campo calculado;;string;personalizado do tipo: x,xx 'horas';x,xx 'horas';12;;;;;;;;;;;;;;;;
396;meses_igual_adicional_noturno;Meses Igual Adicional Noturno;d_entrevistas;Campo calculado;;string;personalizado do tipo: xx 'meses';xx 'meses';10;;;;;;;;;;;;;;;;
397;valor_hora_adicional_noturno;Valor Hora Adicional Noturno;d_entrevistas;Campo calculado;;decimal;Contábil (BRL);#.##0,00;22;2;R$ 1.234,56;;;;;;;;;;;;;;
398;valor_ref_ao_mes_adicional_noturno;Valor Ref Ao Mes Adicional Noturno;d_entrevistas;Campo calculado;;decimal;Contábil (BRL);#.##0,00;22;2;R$ 1.234,56;;;;;;;;;;;;;;
399;dsr_ref_ao_mes_adicional_noturno;Dsr Ref Ao Mes Adicional Noturno;d_entrevistas;Campo calculado;;decimal;Contábil (BRL);#.##0,00;22;2;;;;;;;;;;;;;;;
400;valor_do_principal_adicional_noturno;Valor Do Principal Adicional Noturno;d_entrevistas;Campo calculado;;decimal;Contábil (BRL);#.##0,00;22;2;R$ 1.234,56;;;;;;;;;;;;;;
401;dsr_adicional_noturno;Dsr Adicional Noturno;d_entrevistas;Campo calculado;;decimal;Contábil (BRL);#.##0,00;22;2;;;;;;;;;;;;;;;
402;decimo_terceiro_adicional_noturno;Decimo Terceiro Adicional Noturno;d_entrevistas;Campo calculado;;decimal;Contábil (BRL);#.##0,00;22;2;;;;;;;;;;;;;;;
403;ferias_terco_adicional_noturno;Ferias Terco Adicional Noturno;d_entrevistas;Campo calculado;;decimal;Contábil (BRL);#.##0,00;22;2;;;;;;;;;;;;;;;
404;aviso_previo_adicional_noturno;Aviso Previo Adicional Noturno;d_entrevistas;Campo calculado;;decimal;Contábil (BRL);#.##0,00;22;2;;;;;;;;;;;;;;;
405;fgts_adicional_noturno;Fgts Adicional Noturno;d_entrevistas;Campo calculado;;decimal;Contábil (BRL);#.##0,00;22;2;;;;;;;;;;;;;;;
406;multa_fgts_40_adicional_noturno;Multa Fgts 40 Adicional Noturno;d_entrevistas;Campo calculado;;decimal;Contábil (BRL);#.##0,00;22;2;;;;;;;;;;;;;;;
407;principal_reflexos_adicional_noturno;Principal Reflexos Adicional Noturno;d_entrevistas;Campo calculado;;decimal;Contábil (BRL);#.##0,00;22;2;;;;;;;;;;;;;;;
408;base_de_calculo_horas_extras;Base De Calculo Horas Extras;d_entrevistas;Campo calculado;;decimal;Contábil (BRL);#.##0,00;22;2;;;;;;;;;;;;;;;
409;meses_igual_horas_extras;Meses Igual Horas Extras;d_entrevistas;Campo calculado;;string;personalizado do tipo: xx 'meses';xx 'meses';10;;;;;;;;;;;;;;;;
410;valor_hora_horas_extras;Valor Hora Horas Extras;d_entrevistas;Campo calculado;;decimal;Contábil (BRL);#.##0,00;22;2;R$ 1.234,56;;;;;;;;;;;;;;
411;valores_ref_ao_mes_horas_extras;Valores Ref Ao Mes Horas Extras;d_entrevistas;Campo calculado;;decimal;Contábil (BRL);#.##0,00;22;2;R$ 1.234,56;;;;;;;;;;;;;;
412;dsr_ref_ao_mes_horas_extras;Dsr Ref Ao Mes Horas Extras;d_entrevistas;Campo calculado;;decimal;Contábil (BRL);#.##0,00;22;2;;;;;;;;;;;;;;;
413;valor_do_principal_horas_extras;Valor Do Principal Horas Extras;d_entrevistas;Campo calculado;;decimal;Contábil (BRL);#.##0,00;22;2;R$ 1.234,56;;;;;;;;;;;;;;
414;dsr_horas_extras;Dsr Horas Extras;d_entrevistas;Campo calculado;;decimal;Contábil (BRL);#.##0,00;22;2;;;;;;;;;;;;;;;
415;decimo_terceiro_horas_extras;Decimo Terceiro Horas Extras;d_entrevistas;Campo calculado;;decimal;Contábil (BRL);#.##0,00;22;2;;;;;;;;;;;;;;;
416;ferias_terco_horas_extras;Ferias Terco Horas Extras;d_entrevistas;Campo calculado;;decimal;Contábil (BRL);#.##0,00;22;2;;;;;;;;;;;;;;;
417;aviso_previo_horas_extras;Aviso Previo Horas Extras;d_entrevistas;Campo calculado;;decimal;Contábil (BRL);#.##0,00;22;2;;;;;;;;;;;;;;;
418;fgts_horas_extras;Fgts Horas Extras;d_entrevistas;Campo calculado;;decimal;Contábil (BRL);#.##0,00;22;2;;;;;;;;;;;;;;;
419;multa_fgts_40_horas_extras;Multa Fgts 40 Horas Extras;d_entrevistas;Campo calculado;;decimal;Contábil (BRL);#.##0,00;22;2;;;;;;;;;;;;;;;
420;principal_reflexos_horas_extras;Principal Reflexos Horas Extras;d_entrevistas;Campo calculado;;decimal;Contábil (BRL);#.##0,00;22;2;;;;;;;;;;;;;;;
421;base_de_calculo_mesmo_periodo_he__feriados;Base De Calculo Mesmo Periodo He  Feriados;d_entrevistas;Campo calculado;;decimal;Contábil (BRL);#.##0,00;22;2;;;;;;;;;;;;;;;
422;valor_hora_feriados;Valor Hora Feriados;d_entrevistas;Campo calculado;;decimal;Contábil (BRL);#.##0,00;22;2;R$ 1.234,56;;;;;;;;;;;;;;
423;valor_ref_ao_dia_feriados;Valor Ref Ao Dia Feriados;d_entrevistas;Campo calculado;;decimal;Contábil (BRL);#.##0,00;22;2;R$ 1.234,56;;;;;;;;;;;;;;
424;dsr_ref_ao_dia_feriados;Dsr Ref Ao Dia Feriados;d_entrevistas;Campo calculado;;decimal;Contábil (BRL);#.##0,00;22;2;;;;;;;;;;;;;;;
425;valor_do_principal_feriados;Valor Do Principal Feriados;d_entrevistas;Campo calculado;;decimal;Contábil (BRL);#.##0,00;22;2;R$ 1.234,56;;;;;;;;;;;;;;
426;dsr_feriados;Dsr Feriados;d_entrevistas;Campo calculado;;decimal;Contábil (BRL);#.##0,00;22;2;;;;;;;;;;;;;;;
427;decimo_terceiro_feriados;Decimo Terceiro Feriados;d_entrevistas;Campo calculado;;decimal;Contábil (BRL);#.##0,00;22;2;;;;;;;;;;;;;;;
428;ferias_terco_feriados;Ferias Terco Feriados;d_entrevistas;Campo calculado;;decimal;Contábil (BRL);#.##0,00;22;2;;;;;;;;;;;;;;;
429;aviso_previo_feriados;Aviso Previo Feriados;d_entrevistas;Campo calculado;;decimal;Contábil (BRL);#.##0,00;22;2;;;;;;;;;;;;;;;
430;fgts_feriados;Fgts Feriados;d_entrevistas;Campo calculado;;decimal;Contábil (BRL);#.##0,00;22;2;;;;;;;;;;;;;;;
431;multa_fgts_40_feriados;Multa Fgts 40 Feriados;d_entrevistas;Campo calculado;;decimal;Contábil (BRL);#.##0,00;22;2;;;;;;;;;;;;;;;
432;principal_reflexos_feriados;Principal Reflexos Feriados;d_entrevistas;Campo calculado;;decimal;Contábil (BRL);#.##0,00;22;2;;;;;;;;;;;;;;;
433;base_de_calculo_mesmo_periodo_he__intervalo_intersemanal;Base De Calculo Mesmo Periodo He  Intervalo Intersemanal;d_entrevistas;Campo calculado;;decimal;Contábil (BRL);#.##0,00;22;2;;;;;;;;;;;;;;;
434;valor_hora_intervalo_intersemanal;Valor Hora Intervalo Intersemanal;d_entrevistas;Campo calculado;;decimal;Contábil (BRL);#.##0,00;22;2;R$ 1.234,56;;;;;;;;;;;;;;
435;valor_do_principal_intervalo_intersemanal;Valor Do Principal Intervalo Intersemanal;d_entrevistas;Campo calculado;;decimal;Contábil (BRL);#.##0,00;22;2;R$ 1.234,56;;;;;;;;;;;;;;
436;principal_intervalo_intersemanal;Principal Intervalo Intersemanal;d_entrevistas;Campo calculado;;decimal;Contábil (BRL);#.##0,00;22;2;;;;;;;;;;;;;;;
437;meses_igual_interjornada;Meses Igual Interjornada;d_entrevistas;Campo calculado;;string;personalizado do tipo: xx 'meses';xx 'meses';10;;;;;;;;;;;;;;;;
438;base_de_calculo_mesmo_periodo_he__interjornada;Base De Calculo Mesmo Periodo He  Interjornada;d_entrevistas;Campo calculado;;decimal;Contábil (BRL);#.##0,00;22;2;;;;;;;;;;;;;;;
439;valor_hora_interjornada;Valor Hora Interjornada;d_entrevistas;Campo calculado;;decimal;Contábil (BRL);#.##0,00;22;2;R$ 1.234,56;;;;;;;;;;;;;;
440;valores_ref_ao_mes_interjornada;Valores Ref Ao Mes Interjornada;d_entrevistas;Campo calculado;;decimal;Contábil (BRL);#.##0,00;22;2;R$ 1.234,56;;;;;;;;;;;;;;
441;valor_do_principal_interjornada;Valor Do Principal Interjornada;d_entrevistas;Campo calculado;;decimal;Contábil (BRL);#.##0,00;22;2;R$ 1.234,56;;;;;;;;;;;;;;
442;principal_interjornada;Principal Interjornada;d_entrevistas;Campo calculado;;decimal;Contábil (BRL);#.##0,00;22;2;;;;;;;;;;;;;;;
443;meses_igual_intrajornada;Meses Igual Intrajornada;d_entrevistas;Campo calculado;;string;personalizado do tipo: xx 'meses';xx 'meses';10;;;;;;;;;;;;;;;;
444;base_de_calculo_mesmo_periodo_he__intrajornada;Base De Calculo Mesmo Periodo He  Intrajornada;d_entrevistas;Campo calculado;;decimal;Contábil (BRL);#.##0,00;22;2;;;;;;;;;;;;;;;
445;valor_hora_intrajornada;Valor Hora Intrajornada;d_entrevistas;Campo calculado;;decimal;Contábil (BRL);#.##0,00;22;2;R$ 1.234,56;;;;;;;;;;;;;;
446;valores_ref_ao_mes_intrajornada;Valores Ref Ao Mes Intrajornada;d_entrevistas;Campo calculado;;decimal;Contábil (BRL);#.##0,00;22;2;R$ 1.234,56;;;;;;;;;;;;;;
447;valor_do_principal_intrajornada;Valor Do Principal Intrajornada;d_entrevistas;Campo calculado;;decimal;Contábil (BRL);#.##0,00;22;2;R$ 1.234,56;;;;;;;;;;;;;;
448;principal_intrajornada;Principal Intrajornada;d_entrevistas;Campo calculado;;decimal;Contábil (BRL);#.##0,00;22;2;;;;;;;;;;;;;;;
449;media_salarial_para_calculo_seguro_desemprego;Media Salarial Para Calculo Seguro Desemprego;d_entrevistas;Campo calculado;;decimal;Contábil (BRL);#.##0,00;22;2;;;;;;;;;;;;;;;
450;valor_do_seguro_a_receber_seguro_desemprego;Valor Do Seguro A Receber Seguro Desemprego;d_entrevistas;Campo calculado;;decimal;Contábil (BRL);#.##0,00;22;2;R$ 1.234,56;;;;;;;;;;;;;;
451;valor_por_parcela_seguro_desemprego;Valor Por Parcela Seguro Desemprego;d_entrevistas;Campo calculado;;decimal;Contábil (BRL);#.##0,00;22;2;R$ 1.234,56;;;;;;;;;;;;;;
452;principal_seguro_desemprego;Principal Seguro Desemprego;d_entrevistas;Campo calculado;;decimal;Contábil (BRL);#.##0,00;22;2;;;;;;;;;;;;;;;
453;texto_personalizado_seguro_desemprego;Texto Personalizado Seguro Desemprego;d_entrevistas;Campo calculado;;string;texto;;2000;;;;;;;;;;;;;;;;
454;data_do_termino_do_contrato_de_trabalho_gestante;Data Do Termino Do Contrato De Trabalho Gestante;d_entrevistas;Campo calculado;;date;data formato dd/mm/aaaa;dd/mm/yyyy;10;;01/01/2024;Validar data no formato dd/mm/yyyy;;;;;;;;;;;;;
455;data_concepcao_gestante;Data Concepcao Gestante;d_entrevistas;Campo calculado;;date;data formato dd/mm/aaaa;dd/mm/yyyy;10;;12345-678;Validar data no formato dd/mm/yyyy;^\d{5}-\d{3}$;;;;;;;;;;;;
456;data_prevista_parto_gestante;Data Prevista Parto Gestante;d_entrevistas;Campo calculado;;date;data formato dd/mm/aaaa;dd/mm/yyyy;10;;01/01/2024;Validar data no formato dd/mm/yyyy;;;;;;;;;;;;;
457;data_final_estabilidade_gestante;Data Final Estabilidade Gestante;d_entrevistas;Campo calculado;;date;data formato dd/mm/aaaa;dd/mm/yyyy;10;;01/01/2024;Validar data no formato dd/mm/yyyy;;;;;;;;;;;;;
458;periodo_de_estabilidade_meses_gestante;Periodo De Estabilidade Meses Gestante;d_entrevistas;Campo calculado;;string;personalizado do tipo: xx 'meses';xx 'meses';10;;;;;;;;;;;;;;;;
459;valor_do_principal_gestante;Valor Do Principal Gestante;d_entrevistas;Campo calculado;;decimal;Contábil (BRL);#.##0,00;22;2;R$ 1.234,56;;;;;;;;;;;;;;
460;decimo_terceiro_reflexos_gestante;Decimo Terceiro Reflexos Gestante;d_entrevistas;Campo calculado;;decimal;Contábil (BRL);#.##0,00;22;2;;;;;;;;;;;;;;;
461;ferias_terco_reflexos_gestante;Ferias Terco Reflexos Gestante;d_entrevistas;Campo calculado;;decimal;Contábil (BRL);#.##0,00;22;2;;;;;;;;;;;;;;;
462;fgts_reflexos_gestante;Fgts Reflexos Gestante;d_entrevistas;Campo calculado;;decimal;Contábil (BRL);#.##0,00;22;2;;;;;;;;;;;;;;;
463;multa_fgts_40_reflexos_gestante;Multa Fgts 40 Reflexos Gestante;d_entrevistas;Campo calculado;;decimal;Contábil (BRL);#.##0,00;22;2;;;;;;;;;;;;;;;
464;principal_reflexos_gestante;Principal Reflexos Gestante;d_entrevistas;Campo calculado;;decimal;Contábil (BRL);#.##0,00;22;2;;;;;;;;;;;;;;;
465;temas_pedidos_entrevista_gestante;Temas Pedidos Entrevista Gestante;d_entrevistas;Campo calculado;;string;texto;;255;;;;;;;;;;;;;;;;
466;valor_do_principal_estabilidade_indenizada;Valor Do Principal Estabilidade Indenizada;d_entrevistas;Campo calculado;;decimal;Contábil (BRL);#.##0,00;22;2;R$ 1.234,56;;;;;;;;;;;;;;
467;decimo_terceiro_reflexo_estabilidade_indenizada;Decimo Terceiro Reflexo Estabilidade Indenizada;d_entrevistas;Campo calculado;;decimal;Contábil (BRL);#.##0,00;22;2;;;;;;;;;;;;;;;
468;ferias_terco_reflexo_estabilidade_indenizada;Ferias Terco Reflexo Estabilidade Indenizada;d_entrevistas;Campo calculado;;decimal;Contábil (BRL);#.##0,00;22;2;;;;;;;;;;;;;;;
469;fgts_reflexo_estabilidade_indenizada;Fgts Reflexo Estabilidade Indenizada;d_entrevistas;Campo calculado;;decimal;Contábil (BRL);#.##0,00;22;2;;;;;;;;;;;;;;;
470;multa_fgts_40_reflexo_estabilidade_indenizada;Multa Fgts 40 Reflexo Estabilidade Indenizada;d_entrevistas;Campo calculado;;decimal;Contábil (BRL);#.##0,00;22;2;;;;;;;;;;;;;;;
471;principal_reflexos_estabilidade_indenizada;Principal Reflexos Estabilidade Indenizada;d_entrevistas;Campo calculado;;decimal;Contábil (BRL);#.##0,00;22;2;;;;;;;;;;;;;;;
472;idade_na_data_acidente_incapacidade_acidente_de_trabalho_doenca_ocupacional;Idade Na Data Acidente Incapacidade Acidente De Trabalho Doenca Ocupacional;d_entrevistas;Campo calculado;;string;personalizado do tipo: X anos e Y meses;x anos e y meses;25;;01/01/2024;Validar data no formato dd/mm/yyyy;;;;;;;;;;;;;
473;janela_indenizatoria_acidente_de_trabalho_doenca_ocupacional;Janela Indenizatoria Acidente De Trabalho Doenca Ocupacional;d_entrevistas;Campo calculado;;string;personalizado do tipo: xx 'meses';xx 'meses';10;;;;;;;;;;;;;;;;
474;valores_ref_ao_mes_acidente_de_trabalho_doenca_ocupacional;Valores Ref Ao Mes Acidente De Trabalho Doenca Ocupacional;d_entrevistas;Campo calculado;;decimal;Contábil (BRL);#.##0,00;22;2;R$ 1.234,56;;;;;;;;;;;;;;
475;valor_do_principal_acidente_de_trabalho_doenca_ocupacional;Valor Do Principal Acidente De Trabalho Doenca Ocupacional;d_entrevistas;Campo calculado;;decimal;Contábil (BRL);#.##0,00;22;2;R$ 1.234,56;;;;;;;;;;;;;;
476;principal_reflexos_acidente_de_trabalho_doenca_ocupacional;Principal Reflexos Acidente De Trabalho Doenca Ocupacional;d_entrevistas;Campo calculado;;decimal;Contábil (BRL);#.##0,00;22;2;;;;;;;;;;;;;;;
477;texto_personalizado_pericia_medica;Texto Personalizado Pericia Medica;d_entrevistas;Campo calculado;;string;texto;;2000;;;;;;;;;;;;;;;;
478;decimo_terceiro_reflexo_total;Decimo Terceiro Reflexo Total;d_entrevistas;Campo calculado;;decimal;Contábil (BRL);#.##0,00;22;2;;;;;;;;;;;;;;;
479;ferias_terco_reflexo_total;Ferias Terco Reflexo Total;d_entrevistas;Campo calculado;;decimal;Contábil (BRL);#.##0,00;22;2;;;;;;;;;;;;;;;
480;aviso_previo_reflexo_total;Aviso Previo Reflexo Total;d_entrevistas;Campo calculado;;decimal;Contábil (BRL);#.##0,00;22;2;;;;;;;;;;;;;;;
481;fgts_reflexo_total;Fgts Reflexo Total;d_entrevistas;Campo calculado;;decimal;Contábil (BRL);#.##0,00;22;2;;;;;;;;;;;;;;;
482;multa_fgts_40_reflexo_total;Multa Fgts 40 Reflexo Total;d_entrevistas;Campo calculado;;decimal;Contábil (BRL);#.##0,00;22;2;;;;;;;;;;;;;;;
483;verbas_rescisorias_total_dos_pedidos;Verbas Rescisorias Total Dos Pedidos;d_entrevistas;Campo calculado;;decimal;Contábil (BRL);#.##0,00;22;2;;;;;;;;;;;;;;;
484;fgts_total_dos_pedidos;Fgts Total Dos Pedidos;d_entrevistas;Campo calculado;;decimal;Contábil (BRL);#.##0,00;22;2;;;;;;;;;;;;;;;
485;multa_477_total_dos_pedidos;Multa 477 Total Dos Pedidos;d_entrevistas;Campo calculado;;decimal;Contábil (BRL);#.##0,00;22;2;;;;;;;;;;;;;;;
486;multa_467_total_dos_pedidos;Multa 467 Total Dos Pedidos;d_entrevistas;Campo calculado;;decimal;Contábil (BRL);#.##0,00;22;2;;;;;;;;;;;;;;;
487;decimo_terceiro_anual_total_dos_pedidos;Decimo Terceiro Anual Total Dos Pedidos;d_entrevistas;Campo calculado;;decimal;Contábil (BRL);#.##0,00;22;2;;;;;;;;;;;;;;;
488;ferias_anuais_total_dos_pedidos;Ferias Anuais Total Dos Pedidos;d_entrevistas;Campo calculado;;decimal;Contábil (BRL);#.##0,00;22;2;;;;;;;;;;;;;;;
489;equiparacao_salarial_total_dos_pedidos;Equiparacao Salarial Total Dos Pedidos;d_entrevistas;Campo calculado;;decimal;Contábil (BRL);#.##0,00;22;2;;;;;;;;;;;;;;;
490;piso_salarial_total_dos_pedidos;Piso Salarial Total Dos Pedidos;d_entrevistas;Campo calculado;;decimal;Contábil (BRL);#.##0,00;22;2;;;;;;;;;;;;;;;
491;salario_por_fora_total_dos_pedidos;Salario Por Fora Total Dos Pedidos;d_entrevistas;Campo calculado;;decimal;Contábil (BRL);#.##0,00;22;2;;;;;;;;;;;;;;;
492;reducao_salarial_total_dos_pedidos;Reducao Salarial Total Dos Pedidos;d_entrevistas;Campo calculado;;decimal;Contábil (BRL);#.##0,00;22;2;;;;;;;;;;;;;;;
493;integracao_de_comissoes_total_dos_pedidos;Integracao De Comissoes Total Dos Pedidos;d_entrevistas;Campo calculado;;decimal;Contábil (BRL);#.##0,00;22;2;;;;;;;;;;;;;;;
494;acumulo_funcao_total_dos_pedidos;Acumulo Funcao Total Dos Pedidos;d_entrevistas;Campo calculado;;decimal;Contábil (BRL);#.##0,00;22;2;;;;;;;;;;;;;;;
495;desvio_de_funcao_total_dos_pedidos;Desvio De Funcao Total Dos Pedidos;d_entrevistas;Campo calculado;;decimal;Contábil (BRL);#.##0,00;22;2;;;;;;;;;;;;;;;
496;insalubridade_total_dos_pedidos;Insalubridade Total Dos Pedidos;d_entrevistas;Campo calculado;;decimal;Contábil (BRL);#.##0,00;22;2;;;;;;;;;;;;;;;
497;periculosidade_total_dos_pedidos;Periculosidade Total Dos Pedidos;d_entrevistas;Campo calculado;;decimal;Contábil (BRL);#.##0,00;22;2;;;;;;;;;;;;;;;
498;prontidao_total_dos_pedidos;Prontidao Total Dos Pedidos;d_entrevistas;Campo calculado;;decimal;Contábil (BRL);#.##0,00;22;2;;;;;;;;;;;;;;;
499;sobreaviso_total_dos_pedidos;Sobreaviso Total Dos Pedidos;d_entrevistas;Campo calculado;;decimal;Contábil (BRL);#.##0,00;22;2;;;;;;;;;;;;;;;
500;adicional_noturno_total_dos_pedidos;Adicional Noturno Total Dos Pedidos;d_entrevistas;Campo calculado;;decimal;Contábil (BRL);#.##0,00;22;2;;;;;;;;;;;;;;;
501;horas_extras_total_dos_pedidos;Horas Extras Total Dos Pedidos;d_entrevistas;Campo calculado;;decimal;Contábil (BRL);#.##0,00;22;2;;;;;;;;;;;;;;;
502;feriado_total_dos_pedidos;Feriado Total Dos Pedidos;d_entrevistas;Campo calculado;;decimal;Contábil (BRL);#.##0,00;22;2;;;;;;;;;;;;;;;
503;intervalo_intersemanal_total_dos_pedidos;Intervalo Intersemanal Total Dos Pedidos;d_entrevistas;Campo calculado;;decimal;Contábil (BRL);#.##0,00;22;2;;;;;;;;;;;;;;;
504;interjornada_total_dos_pedidos;Interjornada Total Dos Pedidos;d_entrevistas;Campo calculado;;decimal;Contábil (BRL);#.##0,00;22;2;;;;;;;;;;;;;;;
505;intrajornada_total_dos_pedidos;Intrajornada Total Dos Pedidos;d_entrevistas;Campo calculado;;decimal;Contábil (BRL);#.##0,00;22;2;;;;;;;;;;;;;;;
506;seguro_desemprego_total_dos_pedidos;Seguro Desemprego Total Dos Pedidos;d_entrevistas;Campo calculado;;decimal;Contábil (BRL);#.##0,00;22;2;;;;;;;;;;;;;;;
507;gestante_total_dos_pedidos;Gestante Total Dos Pedidos;d_entrevistas;Campo calculado;;decimal;Contábil (BRL);#.##0,00;22;2;;;;;;;;;;;;;;;
508;estabilidade_indenizada_total_dos_pedidos;Estabilidade Indenizada Total Dos Pedidos;d_entrevistas;Campo calculado;;decimal;Contábil (BRL);#.##0,00;22;2;;;;;;;;;;;;;;;
509;acidente_de_trabalho_doenca_ocupacional_total_dos_pedidos;Acidente De Trabalho Doenca Ocupacional Total Dos Pedidos;d_entrevistas;Campo calculado;;decimal;Contábil (BRL);#.##0,00;22;2;;;;;;;;;;;;;;;
510;total_dos_pedidos_total_dos_pedidos;Total Dos Pedidos Total Dos Pedidos;d_entrevistas;Campo calculado;;decimal;Contábil (BRL);#.##0,00;22;2;;;;;;;;;;;;;;;
511;honorarios_sucumbenciais_total_dos_pedidos;Honorarios Sucumbenciais Total Dos Pedidos;d_entrevistas;Campo calculado;;decimal;Contábil (BRL);#.##0,00;22;2;;;;;;;;;;;;;;;
512;total_total_dos_pedidos;Total Total Dos Pedidos;d_entrevistas;Campo calculado;;decimal;Contábil (BRL);#.##0,00;22;2;;;;;;;;;;;;;;;
513;informacoes_cliente_personalizado;Informacoes Cliente Personalizado;d_template;d_condicionais;;string;texto;;2000;;;;;;;;;;;;;;;;
514;descricao_atualizada_escala_trabalho;Descricao Atualizada Escala Trabalho;d_template;d_condicionais;;string;texto;;2000;;;;;;;;;;;;;;;;
515;ano_data_termino_base_calculo;Ano Data Termino Base Calculo;d_template;d_condicionais;;string;texto;;50;;01/01/2024;Validar data no formato dd/mm/yyyy;;;;;;;;;;;;;
516;meses_ano_termino_topicos_decimo_terceiro;Meses Ano Termino Topicos Decimo Terceiro;d_template;d_condicionais;;string;texto;;255;;;;;;;;;;;;;;;;
517;temas_com_reflexo_atualizada_decimo_terceiro_anual;Temas Com Reflexo Atualizada Decimo Terceiro Anual;d_template;d_condicionais;;string;texto;;255;;;;;;;;;;;;;;;;
518;lista_periodos_anos_decimo_terceiro_anual;Lista Periodos Anos Decimo Terceiro Anual;d_template;d_condicionais;;string;texto;;255;;;;;;;;;;;;;;;;
519;temas_com_reflexo_atualizada_ferias_anuais;Temas Com Reflexo Atualizada Ferias Anuais;d_template;d_condicionais;;string;texto;;255;;;;;;;;;;;;;;;;
520;descricao_atualizada_atividades_contratadas_acumulo_funcao;Descricao Atualizada Atividades Contratadas Acumulo Funcao;d_template;d_condicionais;;string;texto;;100;;;;;;;;;;;;;;;;
521;descricao_atualizada_atividades_extras_acumulo_funcao;Descricao Atualizada Atividades Extras Acumulo Funcao;d_template;d_condicionais;;string;texto;;100;;;;;;;;;;;;;;;;
522;temas_com_reflexo_atualizada_acumulo_funcao;Temas Com Reflexo Atualizada Acumulo Funcao;d_template;d_condicionais;;string;texto;;100;;;;;;;;;;;;;;;;
523;lista_periodos_anos_ferias_anuais;Lista Periodos Anos Ferias Anuais;d_template;d_condicionais;;string;texto;;255;;;;;;;;;;;;;;;;
524;descricao_atualizada_condicao_insalubre_insalubridade;Descricao Atualizada Condicao Insalubre Insalubridade;d_template;d_condicionais;;string;texto;;2000;;;;;;;;;;;;;;;;
525;ferias_terco_insalubridade;Ferias Terco Insalubridade;d_template;d_condicionais;;string;texto;;255;;;;;;;;;;;;;;;;
526;aviso_previo_insalubridade;Aviso Previo Insalubridade;d_template;d_condicionais;;string;texto;;255;;;;;;;;;;;;;;;;
527;fgts_insalubridade;Fgts Insalubridade;d_template;d_condicionais;;string;texto;;255;;;;;;;;;;;;;;;;
528;multa_fgts_40_insalubridade;Multa Fgts 40 Insalubridade;d_template;d_condicionais;;string;texto;;255;;;;;;;;;;;;;;;;
529;data_aviso_base_calculo;Data Aviso Base Calculo;d_template;d_condicionais;;string;texto;;50;;01/01/2024;Validar data no formato dd/mm/yyyy;;;;;;;;;;;;;
530;temas_pedidos_atualizada_gestante;Temas Pedidos Atualizada Gestante;d_template;d_condicionais;;string;texto;;255;;;;;;;;;;;;;;;;
531;numero_nulidade_estabilidade;Numero Nulidade Estabilidade;d_template;d_condicionais;;string;texto;;255;;;;;;;;;;;;;;;;
532;total_por_escrito;Total Por Escrito;d_template;d_condicionais;;string;texto;;255;;;;;;;;;;;;;;;;
533;texto_personalizado_data_aviso;Texto Personalizado Data Aviso;d_template;d_condicionais;;string;texto;;2000;;01/01/2024;Validar data no formato dd/mm/yyyy;;;;;;;;;;;;;
