campo_id;categoria_1;categoria_2;subcategoria_1;subcategoria_2;subcategoria_3;tipo_controlador
1;Base de Cálculo Geral;Variáveis da Base de Cálculo 'Dados do Juízo';Dados do Juízo;Numero Vara;à defirnir;
2;Base de Cálculo Geral;Variáveis da Base de Cálculo 'Dados do Juízo';Dados do Juízo;Cidade Vara;à defirnir;
3;Base de Cálculo Geral;Variáveis da Base de Cálculo 'Dados do Juízo';Dados do Juízo;Uf Vara;à defirnir;
4;Base de Cálculo Geral;Variáveis da Base de Cálculo 'Dados do Juízo';Dados do Juízo;N Regiao Trt;à defirnir;
5;Base de Cálculo Geral;Variáveis da Base de Cálculo 'Autor';Dados das Partes;Autor;à defirnir;
6;Base de Cálculo Geral;Variáveis da Base de Cálculo 'Autor';Dados das Partes;Autor;à defirnir;
7;Base de Cálculo Geral;Variáveis da Base de Cálculo 'Autor';Dados das Partes;Autor;à defirnir;
8;Base de Cálculo Geral;Variáveis da Base de Cálculo 'Réu Principal';Dados das Partes;Réu Principal;à defirnir;
9;Base de Cálculo Geral;Variáveis da Base de Cálculo 'Réu Principal';Dados das Partes;Réu Principal;à defirnir;
10;Base de Cálculo Geral;Variáveis da Base de Cálculo 'Réu Principal';Dados das Partes;Réu Principal;à defirnir;
11;Base de Cálculo Geral;Variáveis da Base de Cálculo 'Réu Principal';Dados das Partes;Réu Principal;à defirnir;
12;Base de Cálculo Geral;Variáveis da Base de Cálculo 'Réu Principal';Dados das Partes;Réu Principal;à defirnir;
13;Base de Cálculo Geral;Variáveis da Base de Cálculo 'Réu Principal';Dados das Partes;Réu Principal;à defirnir;
14;Base de Cálculo Geral;Variáveis da Base de Cálculo 'Réu Principal';Dados das Partes;Réu Principal;à defirnir;
15;Base de Cálculo Geral;Variáveis da Base de Cálculo 'Réu Principal';Dados das Partes;Réu Principal;à defirnir;
16;Base de Cálculo Geral;Variáveis da Base de Cálculo 'Réu Principal';Dados das Partes;Réu Principal;à defirnir;
17;Base de Cálculo Geral;Variáveis da Base de Cálculo 'Réu Principal';Dados das Partes;Réu Principal;à defirnir;
18;Base de Cálculo Geral;Variáveis da Base de Cálculo 'Réu Principal';Dados das Partes;Réu Principal;à defirnir;
19;Base de Cálculo Geral;Variáveis da Base de Cálculo 'Réu Principal';Dados das Partes;Réu Principal;à defirnir;
20;Base de Cálculo Geral;Variáveis da Base de Cálculo 'Réu Principal';Dados das Partes;Réu Principal;à defirnir;
21;Base de Cálculo Geral;Variáveis da Base de Cálculo 'Réu Principal';Dados das Partes;Réu Principal;à defirnir;
22;Base de Cálculo Geral;Variáveis da Base de Cálculo 'Réu Secundário';Dados das Partes;Réu Secundário;à defirnir;
23;Base de Cálculo Geral;Variáveis da Base de Cálculo 'Réu Secundário';Dados das Partes;Réu Secundário;à defirnir;
24;Base de Cálculo Geral;Variáveis da Base de Cálculo 'Réu Secundário';Dados das Partes;Réu Secundário;à defirnir;
25;Base de Cálculo Geral;Variáveis da Base de Cálculo 'Réu Secundário';Dados das Partes;Réu Secundário;à defirnir;
26;Base de Cálculo Geral;Variáveis da Base de Cálculo 'Réu Secundário';Dados das Partes;Réu Secundário;à defirnir;
27;Base de Cálculo Geral;Variáveis da Base de Cálculo 'Réu Secundário';Dados das Partes;Réu Secundário;à defirnir;
28;Base de Cálculo Geral;Variáveis da Base de Cálculo 'Réu Secundário';Dados das Partes;Réu Secundário;à defirnir;
29;Base de Cálculo Geral;Variáveis da Base de Cálculo 'Réu Secundário';Dados das Partes;Réu Secundário;à defirnir;
30;Base de Cálculo Geral;Variáveis da Base de Cálculo 'Réu Secundário';Dados das Partes;Réu Secundário;à defirnir;
31;Base de Cálculo Geral;Variáveis da Base de Cálculo 'Réu Secundário';Dados das Partes;Réu Secundário;à defirnir;
32;Base de Cálculo Geral;Variáveis da Base de Cálculo 'Réu Secundário';Dados das Partes;Réu Secundário;à defirnir;
33;Base de Cálculo Geral;Variáveis da Base de Cálculo 'Réu Secundário';Dados das Partes;Réu Secundário;à defirnir;
34;Base de Cálculo Geral;Variáveis da Base de Cálculo 'Réu Secundário';Dados das Partes;Réu Secundário;à defirnir;
35;Base de Cálculo Geral;Variáveis da Base de Cálculo 'Réu Secundário';Dados das Partes;Réu Secundário;à defirnir;
36;Base de Cálculo Geral;Variáveis da Base de Cálculo 'Autor';Dados das Partes;Autor;à defirnir;
37;Base de Cálculo Geral;Variáveis da Base de Cálculo 'Autor';Dados das Partes;Autor;à defirnir;
38;Base de Cálculo Geral;Variáveis da Base de Cálculo 'Autor';Dados das Partes;Autor;à defirnir;
39;Bases de cálculo do Tema Petição;Cálculos do Tema Petição;Cálculos do Tema Petição;Texto Reflexo Verbas Rescisorias Insalubridade;à defirnir;
40;Base de Cálculo Geral;Variáveis da Base de Cálculo 'Autor';Dados das Partes;Autor;à defirnir;
41;Base de Cálculo Geral;Variáveis da Base de Cálculo 'Autor';Terceirização;Calcular Vinculo Base Calculo;à defirnir;
42;Base de Cálculo Geral;Variáveis da Base de Cálculo 'Autor';Terceirização;Calcular Terceirizacao Base Calculo;à defirnir;
43;Base de Cálculo Geral;Variáveis da Base de Cálculo 'Autor';Terceirização;Mesmo Periodo Verbas Terceirizacao;à defirnir;
44;Base de Cálculo Geral;Variáveis da Base de Cálculo 'Autor';Terceirização;Periodo Aplicavel Terceirizacao;à defirnir;
45;Base de Cálculo Geral;Variáveis da Base de Cálculo 'Autor';Terceirização;Meses Diferente Terceirizacao;Datas e Períodos;
46;Base de Cálculo Geral;Variáveis da Base de Cálculo 'Autor';Dados das Partes;Autor;Datas e Períodos;
47;Base de Cálculo Geral;Variáveis da Base de Cálculo 'Autor';Dados das Partes;Autor;Datas e Períodos;
48;Base de Cálculo Geral;Variáveis da Base de Cálculo Geral;Dados das Partes;Autor;Valores Financeiros;
49;Base de Cálculo Geral;Variáveis da Base de Cálculo Geral;Dados das Partes;Autor;Datas e Períodos;
50;Base de Cálculo Geral;Variáveis da Base de Cálculo Geral;Dados das Partes;Autor;Datas e Períodos;
51;Base de Cálculo Geral;Variáveis da Base de Cálculo Geral;Dados das Partes;Autor;Datas e Períodos;
52;Base de Cálculo Geral;Variáveis da Base de Cálculo Geral;Dados das Partes;Autor;à defirnir;
53;Bases de cálculo do Tema Petição;Cálculos do Tema Petição;Acúmulo de Função;Descricao Entrevista Atividades Contratadas Acumulo Funcao;à defirnir;
54;Bases de cálculo do Tema Petição;Cálculos do Tema Petição;Acúmulo de Função;Descricao Entrevista Atividades Extras Acumulo Funcao;à defirnir;
55;Base de Cálculo Geral;Variáveis da Base de Cálculo Geral;Aviso Prévio;Reflexos Em Aviso Previo Base Calculo;à defirnir;Calcular Tema?
56;Base de Cálculo Geral;Variáveis da Base de Cálculo Geral;FGTS;Calcular Fgts Base Calculo;à defirnir;Calcular Tema?
57;Bases de cálculo do Tema Petição;Cálculos do Tema Petição;Acúmulo de Função;Texto Personalizado Fgts Acumulo Funcao;à defirnir;
58;Bases de cálculo do Tema Petição;Cálculos do Tema Petição;Insalubridade;Texto Reflexo Fgts Insalubridade;à defirnir;
59;Bases de cálculo do Tema Petição;Cálculos do Tema Petição;Gestante;Texto Personalizado Fgts Nulidade Gestante;à defirnir;
60;Bases de cálculo do Tema Petição;Cálculos do Tema Petição;Gestante;Texto Personalizado Fgts Estabilidade Gestante;à defirnir;
61;Base de Cálculo Geral;Variáveis da Base de Cálculo Geral;Multa FGTS;Calcular Multa Fgts Base Calculo;à defirnir;Calcular Tema?
62;Base de Cálculo Geral;Variáveis da Base de Cálculo Geral;Multa 477;Calcular Multa 477 Base Calculo;à defirnir;Calcular Tema?
63;Base de Cálculo Geral;Variáveis da Base de Cálculo Geral;Multa 467;Calcular Multa 467 Base Calculo;à defirnir;Calcular Tema?
64;Base de Cálculo Geral;Variáveis da Base de Cálculo Geral;Saldo Salário;Saldo Salario Base Calculo;à defirnir;Calcular Tema?
65;Base de Cálculo Geral;Variáveis da Base de Cálculo Geral;Aviso Prévio;Dias Aviso Previo Base Calculo;Datas e Períodos;
66;Bases de cálculo do Tema Petição;Variáveis do Tema Petição;Décimo Terceiro Anual;Calcular Decimo Terceiro Anual;à defirnir;Calcular Tema?
67;Bases de cálculo do Tema Petição;Variáveis do Tema Petição;Décimo Terceiro Anual;Ano 1 Meses Decimo Terceiro Anual;Datas e Períodos;
68;Bases de cálculo do Tema Petição;Variáveis do Tema Petição;Décimo Terceiro Anual;Ano 2 Meses Decimo Terceiro Anual;Datas e Períodos;
69;Bases de cálculo do Tema Petição;Variáveis do Tema Petição;Décimo Terceiro Anual;Ano 3 Meses Decimo Terceiro Anual;Datas e Períodos;
70;Bases de cálculo do Tema Petição;Variáveis do Tema Petição;Décimo Terceiro Anual;Ano 4 Meses Decimo Terceiro Anual;Datas e Períodos;
71;Bases de cálculo do Tema Petição;Variáveis do Tema Petição;Décimo Terceiro Anual;Ano 5 Meses Decimo Terceiro Anual;Datas e Períodos;
72;Bases de cálculo do Tema Petição;Variáveis do Tema Petição;Décimo Terceiro Anual;Ano 6 Meses Decimo Terceiro Anual;Datas e Períodos;
73;Bases de cálculo do Tema Petição;Variáveis do Tema Petição;Décimo Terceiro Anual;Ano 7 Meses Decimo Terceiro Anual;Datas e Períodos;
74;Bases de cálculo do Tema Petição;Variáveis do Tema Petição;Décimo Terceiro Anual;Ano 8 Meses Decimo Terceiro Anual;Datas e Períodos;
75;Bases de cálculo do Tema Petição;Variáveis do Tema Petição;Décimo Terceiro Anual;Ano 9 Meses Decimo Terceiro Anual;Datas e Períodos;
76;Bases de cálculo do Tema Petição;Variáveis do Tema Petição;Décimo Terceiro Anual;Ano 10 Meses Decimo Terceiro Anual;Datas e Períodos;
77;Bases de cálculo do Tema Petição;Variáveis do Tema Petição;Décimo Terceiro Rescisório;Calcular Decimo Terceiro Recisorio;à defirnir;Calcular Tema?
78;Bases de cálculo do Tema Petição;Variáveis do Tema Petição;Décimo Terceiro Rescisório;Mesmo Periodo Verbas Decimo Terceiro Recisorio;Datas e Períodos;
79;Bases de cálculo do Tema Petição;Variáveis do Tema Petição;Décimo Terceiro Rescisório;Meses Diferente Decimo Terceiro Recisorio;Datas e Períodos;
80;Bases de cálculo do Tema Petição;Variáveis do Tema Petição;Férias Anuais;Calcular Ferias Anuais;à defirnir;Calcular Tema?
81;Bases de cálculo do Tema Petição;Variáveis do Tema Petição;Férias Anuais;Primeiro Pdo Aquisitivo Meses Ferias Anuais;Datas e Períodos;
82;Bases de cálculo do Tema Petição;Variáveis do Tema Petição;Férias Anuais;Dobrar Ferias Primeiro Pdo Ferias Anuais;Datas e Períodos;
83;Bases de cálculo do Tema Petição;Variáveis do Tema Petição;Férias Anuais;Segundo Pdo Aquisitivo Meses Ferias Anuais;Datas e Períodos;
84;Bases de cálculo do Tema Petição;Variáveis do Tema Petição;Férias Anuais;Dobrar Ferias Segundo Pdo Ferias Anuais;Datas e Períodos;
85;Bases de cálculo do Tema Petição;Variáveis do Tema Petição;Férias Anuais;Terceiro Pdo Aquisitivo Meses Ferias Anuais;Datas e Períodos;
86;Bases de cálculo do Tema Petição;Variáveis do Tema Petição;Férias Anuais;Dobrar Ferias Terceiro Pdo Ferias Anuais;Datas e Períodos;
87;Bases de cálculo do Tema Petição;Variáveis do Tema Petição;Férias Anuais;Quarto Pdo Aquisitivo Meses Ferias Anuais;Datas e Períodos;
88;Bases de cálculo do Tema Petição;Variáveis do Tema Petição;Férias Anuais;Dobrar Ferias Quarto Pdo Ferias Anuais;Datas e Períodos;
89;Bases de cálculo do Tema Petição;Variáveis do Tema Petição;Férias Anuais;Quinto Pdo Aquisitivo Meses Ferias Anuais;Datas e Períodos;
90;Bases de cálculo do Tema Petição;Variáveis do Tema Petição;Férias Anuais;Dobrar Ferias Quinto Pdo Ferias Anuais;Datas e Períodos;
91;Bases de cálculo do Tema Petição;Variáveis do Tema Petição;Férias Proporcionais Recisória;Calcular Ferias Proporcionais Recisoria;à defirnir;Calcular Tema?
92;Bases de cálculo do Tema Petição;Variáveis do Tema Petição;Férias Proporcionais Recisória;Mesmo Periodo Verbas Ferias Proporcionais Recisoria;Datas e Períodos;
93;Bases de cálculo do Tema Petição;Variáveis do Tema Petição;Férias Proporcionais Recisória;Meses Diferente Ferias Proporcionais Recisoria;Datas e Períodos;
94;Bases de cálculo do Tema Petição;Variáveis do Tema Petição;Equiparação Salarial;Calcular Equiparacao Salarial;à defirnir;Calcular Tema?
95;Bases de cálculo do Tema Petição;Variáveis do Tema Petição;Equiparação Salarial;Mesmo Periodo Verbas Equiparacao Salarial;Datas e Períodos;
96;Bases de cálculo do Tema Petição;Variáveis do Tema Petição;Equiparação Salarial;Meses Diferente Equiparacao Salarial;Datas e Períodos;
97;Bases de cálculo do Tema Petição;Variáveis do Tema Petição;Equiparação Salarial;Diferenca Salario Equiparado Mes Equiparacao Salarial;Valores Financeiros;
98;Bases de cálculo do Tema Petição;Variáveis do Tema Petição;Equiparação Salarial;Integrar Horas Extras Equiparacao Salarial;Datas e Períodos;
99;Bases de cálculo do Tema Petição;Variáveis do Tema Petição;Periculosidade;Coeficiente Em Porcento Equiparacao Salarial;Coeficiente Ajuste (%);
100;Bases de cálculo do Tema Petição;Variáveis do Tema Petição;Piso Salarial;Calcular Piso Salarial;à defirnir;Calcular Tema?
101;Bases de cálculo do Tema Petição;Variáveis do Tema Petição;Piso Salarial;Mesmo Periodo Verbas Piso Salarial;Datas e Períodos;
102;Bases de cálculo do Tema Petição;Variáveis do Tema Petição;Piso Salarial;Meses Diferente Piso Salarial;Datas e Períodos;
103;Bases de cálculo do Tema Petição;Variáveis do Tema Petição;Piso Salarial;Diferenca Piso Salarial Mes Piso Salarial;Valores Financeiros;
104;Bases de cálculo do Tema Petição;Variáveis do Tema Petição;Piso Salarial;Integrar Horas Extras Piso Salarial;Datas e Períodos;
105;Bases de cálculo do Tema Petição;Variáveis do Tema Petição;Acúmulo de Função;Coeficiente Em Porcento Piso Salarial;Coeficiente Ajuste (%);
106;Bases de cálculo do Tema Petição;Variáveis do Tema Petição;Salario por Fora;Calcular Salario Por Fora;à defirnir;Calcular Tema?
107;Bases de cálculo do Tema Petição;Variáveis do Tema Petição;Salario por Fora;Mesmo Periodo Verbas Salario Por Fora;Datas e Períodos;
108;Bases de cálculo do Tema Petição;Variáveis do Tema Petição;Salario por Fora;Meses Diferente Salario Por Fora;Datas e Períodos;
109;Bases de cálculo do Tema Petição;Variáveis do Tema Petição;Salario por Fora;Salario Por Fora R Por Mes Salario Por Fora;Valores Financeiros;
110;Bases de cálculo do Tema Petição;Variáveis do Tema Petição;Salario por Fora;Integrar Horas Extras Salario Por Fora;Datas e Períodos;
111;Bases de cálculo do Tema Petição;Variáveis do Tema Petição;Desvio de Função;Coeficiente Em Porcento Salario Por Fora;Coeficiente Ajuste (%);
112;Bases de cálculo do Tema Petição;Variáveis do Tema Petição;Redução Salarial;Calcular Reducao Salarial;à defirnir;Calcular Tema?
113;Bases de cálculo do Tema Petição;Variáveis do Tema Petição;Redução Salarial;Mesmo Periodo Verbas Reducao Salarial;Datas e Períodos;
114;Bases de cálculo do Tema Petição;Variáveis do Tema Petição;Redução Salarial;Meses Diferente Reducao Salarial;Datas e Períodos;
115;Bases de cálculo do Tema Petição;Variáveis do Tema Petição;Redução Salarial;Reducao Salarial R Por Mes Reducao Salarial;Valores Financeiros;
116;Bases de cálculo do Tema Petição;Variáveis do Tema Petição;Redução Salarial;Integrar Horas Extras Reducao Salarial;Datas e Períodos;
117;Bases de cálculo do Tema Petição;Variáveis do Tema Petição;Acidente de trabalho / Doença ocupacional;Coeficiente Em Porcento Reducao Salarial;Coeficiente Ajuste (%);
118;Bases de cálculo do Tema Petição;Variáveis do Tema Petição;Integração de comissões;Calcular Integracao De Comissoes;à defirnir;Calcular Tema?
119;Bases de cálculo do Tema Petição;Variáveis do Tema Petição;Integração de comissões;Mesmo Periodo Verbas Integracao De Comissoes;Datas e Períodos;
120;Bases de cálculo do Tema Petição;Variáveis do Tema Petição;Integração de comissões;Meses Diferente Integracao De Comissoes;Datas e Períodos;
121;Bases de cálculo do Tema Petição;Variáveis do Tema Petição;Integração de comissões;Comissao R Por Mes Integracao De Comissoes;Valores Financeiros;
122;Bases de cálculo do Tema Petição;Variáveis do Tema Petição;Integração de comissões;Integrar Horas Extras Integracao De Comissoes;Datas e Períodos;
123;Bases de cálculo do Tema Petição;Variáveis do Tema Petição;Equiparação Salarial;Coeficiente Em Porcento Integracao De Comissoes;Datas e Períodos;
124;Bases de cálculo do Tema Petição;Variáveis do Tema Petição;Acúmulo de Função;Calcular Acumulo Funcao;à defirnir;Calcular Tema?
125;Bases de cálculo do Tema Petição;Variáveis do Tema Petição;Acúmulo de Função;Descricao Atividades Contrato Acumulo Funcao;à defirnir;
126;Bases de cálculo do Tema Petição;Variáveis do Tema Petição;Acúmulo de Função;Descricao Atividades Exercidas Acumulo Funcao;à defirnir;
127;Bases de cálculo do Tema Petição;Variáveis do Tema Petição;Acúmulo de Função;Mesmo Periodo Verbas Acumulo Funcao;Datas e Períodos;
128;Bases de cálculo do Tema Petição;Cálculos do Tema Petição;Acúmulo de Função;Periodo Aplicavel Acumulo Funcao;à defirnir;
129;Bases de cálculo do Tema Petição;Variáveis do Tema Petição;Acúmulo de Função;Meses Diferente Acumulo Funcao;Datas e Períodos;
130;Bases de cálculo do Tema Petição;Variáveis do Tema Petição;Acúmulo de Função;Base Calculo Acumulo Funcao;Valores Financeiros;
131;Bases de cálculo do Tema Petição;Variáveis do Tema Petição;Piso Salarial;Porcento Para O Acumulo Acumulo Funcao;Datas e Períodos;
132;Bases de cálculo do Tema Petição;Variáveis do Tema Petição;Acúmulo de Função;Integrar Horas Extras Acumulo Funcao;Datas e Períodos;
133;Bases de cálculo do Tema Petição;Variáveis do Tema Petição;Salario por Fora;Coeficiente Em Porcento Acumulo Funcao;Datas e Períodos;
134;Bases de cálculo do Tema Petição;Variáveis do Tema Petição;Desvio de Função;Calcular Desvio De Funcao;à defirnir;Calcular Tema?
135;Bases de cálculo do Tema Petição;Variáveis do Tema Petição;Desvio de Função;Mesmo Periodo Verbas Desvio De Funcao;Datas e Períodos;
136;Bases de cálculo do Tema Petição;Variáveis do Tema Petição;Desvio de Função;Meses Diferente Desvio De Funcao;Datas e Períodos;
137;Bases de cálculo do Tema Petição;Variáveis do Tema Petição;Desvio de Função;Base Calculo Desvio De Funcao;Valores Financeiros;
138;Bases de cálculo do Tema Petição;Variáveis do Tema Petição;Redução Salarial;Porcento Para O Acumulo Desvio De Funcao;Datas e Períodos;
139;Bases de cálculo do Tema Petição;Variáveis do Tema Petição;Desvio de Função;Integrar Horas Extras Desvio De Funcao;Datas e Períodos;
140;Bases de cálculo do Tema Petição;Variáveis do Tema Petição;Integração de comissões;Coeficiente Em Porcento Desvio De Funcao;Datas e Períodos;
141;Bases de cálculo do Tema Petição;Variáveis do Tema Petição;Insalubridade;Calcular Insalubridade;à defirnir;Calcular Tema?
142;Bases de cálculo do Tema Petição;Cálculos do Tema Petição;Insalubridade;Descricao Entrevista Condicao Insalubre Insalubridade;à defirnir;
143;Bases de cálculo do Tema Petição;Cálculos do Tema Petição;Gestante;Texto Personalizado Insalubridade Nulidade Gestante;à defirnir;
144;Bases de cálculo do Tema Petição;Variáveis do Tema Petição;Insalubridade;Mesmo Periodo Verbas Insalubridade;Datas e Períodos;
145;Bases de cálculo do Tema Petição;Cálculos do Tema Petição;Insalubridade;Periodo Aplicavel Insalubridade;à defirnir;
146;Bases de cálculo do Tema Petição;Variáveis do Tema Petição;Insalubridade;Meses Diferente Insalubridade;Datas e Períodos;
147;Bases de cálculo do Tema Petição;Variáveis do Tema Petição;Insalubridade;Grau Insalubridade;Coeficiente Ajuste (%);
148;Bases de cálculo do Tema Petição;Cálculos do Tema Petição;Insalubridade;Texto Grau Insalubridade;à defirnir;
149;Bases de cálculo do Tema Petição;Variáveis do Tema Petição;Insalubridade;Integrar Horas Extras Insalubridade;Datas e Períodos;
150;Bases de cálculo do Tema Petição;Variáveis do Tema Petição;Acúmulo de Função;Coeficiente Em Porcento Insalubridade;Datas e Períodos;
151;Bases de cálculo do Tema Petição;Variáveis do Tema Petição;Periculosidade;Calcular Periculosidade;à defirnir;Calcular Tema?
152;Bases de cálculo do Tema Petição;Variáveis do Tema Petição;Periculosidade;Mesmo Periodo Verbas Periculosidade;Datas e Períodos;
153;Bases de cálculo do Tema Petição;Variáveis do Tema Petição;Periculosidade;Meses Diferente Periculosidade;Datas e Períodos;
154;Bases de cálculo do Tema Petição;Variáveis do Tema Petição;Periculosidade;Base De Calculo Periculosidade;Valores Financeiros;
155;Bases de cálculo do Tema Petição;Variáveis do Tema Petição;Desvio de Função;Porcento Do Adicional Periculosidade;Datas e Períodos;
156;Bases de cálculo do Tema Petição;Variáveis do Tema Petição;Periculosidade;Integrar Horas Extras Periculosidade;Datas e Períodos;
157;Bases de cálculo do Tema Petição;Variáveis do Tema Petição;Insalubridade;Coeficiente Em Porcento Periculosidade;Datas e Períodos;
158;Bases de cálculo do Tema Petição;Variáveis do Tema Petição;Prontidão;Calcular Prontidao;à defirnir;Calcular Tema?
159;Bases de cálculo do Tema Petição;Variáveis do Tema Petição;Prontidão;Mesmo Periodo Verbas Prontidao;Datas e Períodos;
160;Bases de cálculo do Tema Petição;Variáveis do Tema Petição;Prontidão;Meses Diferente Prontidao;Datas e Períodos;
161;Bases de cálculo do Tema Petição;Variáveis do Tema Petição;Prontidão;Mesma Base De Calculo Horas Extras Prontidao;Datas e Períodos;
162;Bases de cálculo do Tema Petição;Variáveis do Tema Petição;Prontidão;Base De Calculo Periodo He Diferente Prontidao;Valores Financeiros;
163;Bases de cálculo do Tema Petição;Variáveis do Tema Petição;Prontidão;Quantidade Horas Mes Prontidao;Datas e Períodos;
164;Bases de cálculo do Tema Petição;Variáveis do Tema Petição;Sobreaviso;Calcular Sobreaviso;à defirnir;Calcular Tema?
165;Bases de cálculo do Tema Petição;Variáveis do Tema Petição;Sobreaviso;Mesmo Periodo Verbas Sobreaviso;Datas e Períodos;
166;Bases de cálculo do Tema Petição;Variáveis do Tema Petição;Sobreaviso;Meses Diferente Sobreaviso;Datas e Períodos;
167;Bases de cálculo do Tema Petição;Variáveis do Tema Petição;Sobreaviso;Mesma Base De Calculo Horas Extras Sobreaviso;Datas e Períodos;
168;Bases de cálculo do Tema Petição;Variáveis do Tema Petição;Sobreaviso;Base De Calculo Periodo He Diferente Sobreaviso;Valores Financeiros;
169;Bases de cálculo do Tema Petição;Variáveis do Tema Petição;Sobreaviso;Quantidade Horas Mes Sobreaviso;Datas e Períodos;
170;Bases de cálculo do Tema Petição;Variáveis do Tema Petição;Adicional Noturno;Calcular Adicional Noturno;à defirnir;Calcular Tema?
171;Bases de cálculo do Tema Petição;Variáveis do Tema Petição;Adicional Noturno;Mesmo Periodo Verbas Adicional Noturno;Datas e Períodos;
172;Bases de cálculo do Tema Petição;Variáveis do Tema Petição;Adicional Noturno;Meses Diferente Adicional Noturno;Datas e Períodos;
173;Bases de cálculo do Tema Petição;Variáveis do Tema Petição;Adicional Noturno;Modalidade Adicional Noturno;à defirnir;
174;Bases de cálculo do Tema Petição;Variáveis do Tema Petição;Adicional Noturno;Mesma Base De Calculo Horas Extras Adicional Noturno;Datas e Períodos;
175;Bases de cálculo do Tema Petição;Variáveis do Tema Petição;Adicional Noturno;Base De Calculo Periodo He Diferente Adicional Noturno;Valores Financeiros;
176;Bases de cálculo do Tema Petição;Variáveis do Tema Petição;Adicional Noturno;Minutos Noturnos Por Semana Adicional Noturno;Datas e Períodos;
177;Bases de cálculo do Tema Petição;Variáveis do Tema Petição;Adicional Noturno;Integrar Horas Extras Adicional Noturno;Datas e Períodos;
178;Bases de cálculo do Tema Petição;Variáveis do Tema Petição;Periculosidade;Coeficiente Em Porcento Adicional Noturno;Datas e Períodos;
179;Bases de cálculo do Tema Petição;Variáveis do Tema Petição;Horas Extras;Calcular Horas Extras;à defirnir;Calcular Tema?
180;Bases de cálculo do Tema Petição;Cálculos do Tema Petição;Horas Extras & Adicional Noturno;Texto Reflexo Hora Extra E Adicional Noturno;à defirnir;
181;Bases de cálculo do Tema Petição;Variáveis do Tema Petição;Horas Extras;Mesmo Periodo Verbas Horas Extras;Datas e Períodos;
182;Bases de cálculo do Tema Petição;Variáveis do Tema Petição;Horas Extras;Meses Diferente Horas Extras;Datas e Períodos;
183;Bases de cálculo do Tema Petição;Variáveis do Tema Petição;Horas Extras;Adicional De He Horas Extras;Datas e Períodos;
184;Bases de cálculo do Tema Petição;Variáveis do Tema Petição;Horas Extras;Horas Extras Por Mes Horas Extras;Datas e Períodos;
185;Bases de cálculo do Tema Petição;Variáveis do Tema Petição;Feriados;Calcular Feriados;à defirnir;Calcular Tema?
186;Bases de cálculo do Tema Petição;Variáveis do Tema Petição;Feriados;Mesma Base De Calculo Horas Extras Feriados;Datas e Períodos;
187;Bases de cálculo do Tema Petição;Variáveis do Tema Petição;Feriados;Base De Calculo Periodo He Diferente Feriados;Valores Financeiros;
188;Bases de cálculo do Tema Petição;Variáveis do Tema Petição;Feriados;Horas Trabalhadas Por Feriado Feriados;Datas e Períodos;
189;Bases de cálculo do Tema Petição;Variáveis do Tema Petição;Feriados;Numero De Feriados Trabalhados Dias Feriados;Datas e Períodos;
190;Bases de cálculo do Tema Petição;Variáveis do Tema Petição;Intervalo Intersemanal;Calcular Intervalo Intersemanal;à defirnir;Calcular Tema?
191;Bases de cálculo do Tema Petição;Variáveis do Tema Petição;Intervalo Intersemanal;Mesma Base De Calculo Horas Extras Intervalo Intersemanal;Datas e Períodos;
192;Bases de cálculo do Tema Petição;Variáveis do Tema Petição;Intervalo Intersemanal;Base De Calculo Periodo He Diferente Intervalo Intersemanal;Valores Financeiros;
193;Bases de cálculo do Tema Petição;Variáveis do Tema Petição;Intervalo Intersemanal;Adicional De He Intervalo Intersemanal;Datas e Períodos;
194;Bases de cálculo do Tema Petição;Variáveis do Tema Petição;Intervalo Intersemanal;Qtdade De Intervalos Por Mes Intervalo Intersemanal;Datas e Períodos;
195;Bases de cálculo do Tema Petição;Variáveis do Tema Petição;Intervalo Intersemanal;Numero De Meses Intervalo Intersemanal;Datas e Períodos;
196;Bases de cálculo do Tema Petição;Variáveis do Tema Petição;Intervalo Intersemanal;Qtdade De Intervalos De Todo Contrato Intervalo Intersemanal;Valores Financeiros;
197;Bases de cálculo do Tema Petição;Variáveis do Tema Petição;Interjornada;Calcular Interjornada;à defirnir;Calcular Tema?
198;Bases de cálculo do Tema Petição;Variáveis do Tema Petição;Interjornada;Mesmo Periodo Verbas Interjornada;Datas e Períodos;
199;Bases de cálculo do Tema Petição;Variáveis do Tema Petição;Interjornada;Quantidade Horas Mes Interjornada;Datas e Períodos;
200;Bases de cálculo do Tema Petição;Variáveis do Tema Petição;Interjornada;Meses Diferente Interjornada;Datas e Períodos;
201;Bases de cálculo do Tema Petição;Variáveis do Tema Petição;Interjornada;Mesma Base De Calculo Horas Extras Interjornada;Datas e Períodos;
202;Bases de cálculo do Tema Petição;Variáveis do Tema Petição;Interjornada;Base De Calculo Periodo He Diferente Interjornada;Valores Financeiros;
203;Bases de cálculo do Tema Petição;Variáveis do Tema Petição;Intrajornada;Calcular Intrajornada;à defirnir;Calcular Tema?
204;Bases de cálculo do Tema Petição;Variáveis do Tema Petição;Intrajornada;Mesmo Periodo Verbas Intrajornada;Datas e Períodos;
205;Bases de cálculo do Tema Petição;Variáveis do Tema Petição;Intrajornada;Quantidade Horas Mes Intrajornada;Datas e Períodos;
206;Bases de cálculo do Tema Petição;Variáveis do Tema Petição;Intrajornada;Meses Diferente Intrajornada;Datas e Períodos;
207;Bases de cálculo do Tema Petição;Variáveis do Tema Petição;Intrajornada;Mesma Base De Calculo Horas Extras Intrajornada;Datas e Períodos;
208;Bases de cálculo do Tema Petição;Variáveis do Tema Petição;Intrajornada;Base De Calculo Periodo He Diferente Intrajornada;Valores Financeiros;
209;Bases de cálculo do Tema Petição;Variáveis do Tema Petição;Seguro Desemprego;Calcular Seguro Desemprego;à defirnir;Calcular Tema?
210;Bases de cálculo do Tema Petição;Variáveis do Tema Petição;Seguro Desemprego;Solicitacao Seguro Desemprego;à defirnir;
211;Bases de cálculo do Tema Petição;Variáveis do Tema Petição;Seguro Desemprego;Ultimo Seguro Desemprego;Valores Financeiros;
212;Bases de cálculo do Tema Petição;Variáveis do Tema Petição;Seguro Desemprego;Penultimo Seguro Desemprego;Valores Financeiros;
213;Bases de cálculo do Tema Petição;Variáveis do Tema Petição;Seguro Desemprego;Antipenultimo Seguro Desemprego;Valores Financeiros;
214;Bases de cálculo do Tema Petição;Cálculos do Tema Petição;Seguro Desemprego;Quantidade Parcelas Seguro Desemprego;Datas e Períodos;
215;Bases de cálculo do Tema Petição;Variáveis do Tema Petição;Gestante;Calcular Gestante;à defirnir;Calcular Tema?
216;Bases de cálculo do Tema Petição;Variáveis do Tema Petição;Gestante;Nulidade Ou Estabiliade Gestante;à defirnir;
217;Bases de cálculo do Tema Petição;Variáveis do Tema Petição;Gestante;Valor Remuneracao Estabilidade Gestante;Valores Financeiros;
218;Bases de cálculo do Tema Petição;Variáveis do Tema Petição;Gestante;Data Exame Gestante;Datas e Períodos;
219;Bases de cálculo do Tema Petição;Variáveis do Tema Petição;Gestante;Semanas Indicadas No Exame Gestante;Datas e Períodos;
220;Bases de cálculo do Tema Petição;Variáveis do Tema Petição;Estabilidade indenizada;Calcular Estabilidade Indenizada;à defirnir;Calcular Tema?
221;Bases de cálculo do Tema Petição;Variáveis do Tema Petição;Estabilidade indenizada;Valor Remuneracao Estabilidade Estabilidade Indenizada;Valores Financeiros;
222;Bases de cálculo do Tema Petição;Variáveis do Tema Petição;Estabilidade indenizada;Meses Estabilidade Indenizada;Datas e Períodos;
223;Bases de cálculo do Tema Petição;Variáveis do Tema Petição;Acidente de trabalho / Doença ocupacional;Calcular Acidente De Trabalho Doenca Ocupacional;à defirnir;Calcular Tema?
224;Bases de cálculo do Tema Petição;Variáveis do Tema Petição;Acidente de trabalho / Doença ocupacional;Remuneracao Base Acidente De Trabalho Doenca Ocupacional;Valores Financeiros;
225;Bases de cálculo do Tema Petição;Variáveis do Tema Petição;Acidente de trabalho / Doença ocupacional;Data Nascimento Acidente De Trabalho Doenca Ocupacional;Datas e Períodos;
226;Bases de cálculo do Tema Petição;Variáveis do Tema Petição;Acidente de trabalho / Doença ocupacional;Data Do Acidente Incapacidade Acidente De Trabalho Doenca Ocupacional;Datas e Períodos;
227;Bases de cálculo do Tema Petição;Variáveis do Tema Petição;Adicional Noturno;Porcento Reducao Cap De Trabalho Acidente De Trabalho Doenca Ocupacional;Datas e Períodos;
228;Bases de cálculo do Tema Petição;Variáveis do Tema Petição;Acidente de trabalho / Doença ocupacional;Expectativa De Vida Acidente De Trabalho Doenca Ocupacional;Datas e Períodos;
229;Total dos Pedidos;Principal + Reflexos;Possível ítem extra 1;Item Extra 1 Total Dos Pedidos;Valores Financeiros;
230;Total dos Pedidos;Principal + Reflexos;Possível ítem extra 2;Possível ítem Extra 2 Total Dos Pedidos;Valores Financeiros;
231;Total dos Pedidos;Principal + Reflexos;Possível ítem extra 3;Possível ítem Item Extra 3 Total Dos Pedidos;Valores Financeiros;
232;Total dos Pedidos;Principal + Reflexos;Possível ítem extra 4;Possível ítem Item Extra 4 Total Dos Pedidos;Valores Financeiros;
238;Total dos Pedidos;Principal + Reflexos;Possível ítem extra 10;Possível ítem Item Extra 10 Total Dos Pedidos;Valores Financeiros;
233;Total dos Pedidos;Principal + Reflexos;Possível ítem extra 5;Possível ítem Item Extra 5 Total Dos Pedidos;Valores Financeiros;
234;Total dos Pedidos;Principal + Reflexos;Possível ítem extra 6;Possível ítem Item Extra 6 Total Dos Pedidos;Valores Financeiros;
235;Total dos Pedidos;Principal + Reflexos;Possível ítem extra 7;Possível ítem Item Extra 7 Total Dos Pedidos;Valores Financeiros;
236;Total dos Pedidos;Principal + Reflexos;Possível ítem extra 8;Possível ítem Item Extra 8 Total Dos Pedidos;Valores Financeiros;
237;Total dos Pedidos;Principal + Reflexos;Possível ítem extra 9;Possível ítem Item Extra 9 Total Dos Pedidos;Valores Financeiros;
239;Base de Cálculo Geral;Variáveis da Base de Cálculo Geral;Aviso Prévio;Data Aviso Previo Base Calculo;Datas e Períodos;
240;Base de Cálculo Geral;Variáveis da Base de Cálculo Geral;Aviso Prévio;Texto Personalizado Aviso Previo;à defirnir;
241;Base de Cálculo Geral;Variáveis da Base de Cálculo Geral;Tempo Total Trabalhado Base Calculo;Tempo Total Trabalhado Base Calculo;Datas e Períodos;
242;Base de Cálculo Geral;Variáveis da Base de Cálculo Geral;Terceirização;Meses Igual Terceirizacao;Datas e Períodos;
243;Base de Cálculo Geral;Variáveis da Base de Cálculo Geral;Verbas Recisórias;Saldo Salario Verbas Rescisorias;Valores Financeiros;
244;Base de Cálculo Geral;Variáveis da Base de Cálculo Geral;Aviso Prévio;Aviso Previo Verbas Rescisorias;Valores Financeiros;
245;Base de Cálculo Geral;Variáveis da Base de Cálculo Geral;Verbas Recisórias;Decimo Terceiro Verbas Rescisorias;Valores Financeiros;
246;Base de Cálculo Geral;Variáveis da Base de Cálculo Geral;Verbas Recisórias;Ferias Terco Verbas Rescisorias;Valores Financeiros;
247;Base de Cálculo Geral;Variáveis da Base de Cálculo Geral;Verbas Recisórias;Multa Fgts 40 Verbas Rescisorias;Valores Financeiros;
248;Base de Cálculo Geral;Variáveis da Base de Cálculo Geral;Verbas Recisórias;Total Verbas Rescisorias;Valores Financeiros;
249;Base de Cálculo Geral;Variáveis da Base de Cálculo Geral;Verbas Recisórias;Fgts Verbas Rescisorias;Valores Financeiros;
250;Base de Cálculo Geral;Variáveis da Base de Cálculo Geral;Verbas Recisórias;Multa 477 Verbas Rescisorias;Valores Financeiros;
251;Base de Cálculo Geral;Variáveis da Base de Cálculo Geral;Verbas Recisórias;Multa 467 Verbas Rescisorias;Valores Financeiros;
252;Base de Cálculo Geral;Variáveis da Base de Cálculo Geral;Verbas Recisórias;Liquidacao Art 292;Valores Financeiros;
253;Bases de cálculo do Tema Petição;Variáveis do Tema Petição;Décimo Terceiro Anual;Salario Bruto Decimo Terceiro Anual;Valores Financeiros;
254;Bases de cálculo do Tema Petição;Cálculos do Tema Petição;Décimo Terceiro Anual;Valor Ref Ao Mes Decimo Terceiro Anual;Valores Financeiros;
255;Bases de cálculo do Tema Petição;Valor do Principal;Décimo Terceiro Anual;Valor Do Ano 1 Decimo Terceiro Anual;Valores Financeiros;
256;Bases de cálculo do Tema Petição;Valor do Principal;Décimo Terceiro Anual;Valor Do Ano 2 Decimo Terceiro Anual;Valores Financeiros;
257;Bases de cálculo do Tema Petição;Valor do Principal;Décimo Terceiro Anual;Valor Do Ano 3 Decimo Terceiro Anual;Valores Financeiros;
258;Bases de cálculo do Tema Petição;Valor do Principal;Décimo Terceiro Anual;Valor Do Ano 4 Decimo Terceiro Anual;Valores Financeiros;
259;Bases de cálculo do Tema Petição;Valor do Principal;Décimo Terceiro Anual;Valor Do Ano 5 Decimo Terceiro Anual;Valores Financeiros;
260;Bases de cálculo do Tema Petição;Valor do Principal;Décimo Terceiro Anual;Valor Do Ano 6 Decimo Terceiro Anual;Valores Financeiros;
261;Bases de cálculo do Tema Petição;Valor do Principal;Décimo Terceiro Anual;Valor Do Ano 7 Decimo Terceiro Anual;Valores Financeiros;
262;Bases de cálculo do Tema Petição;Valor do Principal;Décimo Terceiro Anual;Valor Do Ano 8 Decimo Terceiro Anual;Valores Financeiros;
263;Bases de cálculo do Tema Petição;Valor do Principal;Décimo Terceiro Anual;Valor Do Ano 9 Decimo Terceiro Anual;Valores Financeiros;
264;Bases de cálculo do Tema Petição;Valor do Principal;Décimo Terceiro Anual;Valor Do Ano 10 Decimo Terceiro Anual;Valores Financeiros;
265;Bases de cálculo do Tema Petição;Principal + Reflexos;Décimo Terceiro Anual;Principal Decimo Terceiro Anual;Valores Financeiros;
266;Bases de cálculo do Tema Petição;Variáveis do Tema Petição;Décimo Terceiro Anual;Temas Com Reflexo Entrevista Decimo Terceiro Anual;à defirnir;
267;Bases de cálculo do Tema Petição;Variáveis do Tema Petição;Décimo Terceiro Rescisório;Salario Bruto Decimo Terceiro Recisorio;Valores Financeiros;
268;Base de Cálculo Geral;Variáveis da Base de Cálculo Geral;Verbas Recisórias;Meses Igual Decimo Terceiro Recisorio;Datas e Períodos;
269;Bases de cálculo do Tema Petição;Cálculos do Tema Petição;Décimo Terceiro Rescisório;Valor Ref Ao Mes Decimo Terceiro Recisorio;Valores Financeiros;
270;Bases de cálculo do Tema Petição;Valor do Principal;Décimo Terceiro Rescisório;Valor Do Principal Decimo Terceiro Recisorio;Valores Financeiros;
271;Bases de cálculo do Tema Petição;Principal + Reflexos;Décimo Terceiro Rescisório;Principal Decimo Terceiro Recisorio;Valores Financeiros;
272;Bases de cálculo do Tema Petição;Variáveis do Tema Petição;Férias Anuais;Salario Bruto Ferias Anuais;Valores Financeiros;
273;Bases de cálculo do Tema Petição;Cálculos do Tema Petição;Férias Anuais;Valor Ref Ao Mes Ferias Anuais;Valores Financeiros;
274;Bases de cálculo do Tema Petição;Valor do Principal;Férias Anuais;Primeiro Pdo Aquisitivo Ferias Anuais;Valores Financeiros;
275;Bases de cálculo do Tema Petição;Valor do Principal;Férias Anuais;Segundo Pdo Aquisitivo Ferias Anuais;Valores Financeiros;
276;Bases de cálculo do Tema Petição;Valor do Principal;Férias Anuais;Terceiro Pdo Aquisitivo Ferias Anuais;Valores Financeiros;
277;Bases de cálculo do Tema Petição;Valor do Principal;Férias Anuais;Quarto Pdo Aquisitivo Ferias Anuais;Valores Financeiros;
278;Bases de cálculo do Tema Petição;Valor do Principal;Férias Anuais;Quinto Pdo Aquisitivo Ferias Anuais;Valores Financeiros;
279;Bases de cálculo do Tema Petição;Principal + Reflexos;Férias Anuais;Principal Ferias Anuais;Valores Financeiros;
280;Bases de cálculo do Tema Petição;Variáveis do Tema Petição;Férias Anuais;Temas Com Reflexo Entrevista Ferias Anuais;à defirnir;
281;Bases de cálculo do Tema Petição;Variáveis do Tema Petição;Férias Proporcionais Recisória;Salario Bruto Ferias Proporcionais Recisoria;Valores Financeiros;
282;Bases de cálculo do Tema Petição;Variáveis do Tema Petição;Férias Proporcionais Recisória;Meses Igual Ferias Proporcionais Recisoria;Datas e Períodos;
283;Bases de cálculo do Tema Petição;Cálculos do Tema Petição;Férias Proporcionais Recisória;Valor Ref Ao Mes Ferias Proporcionais Recisoria;Valores Financeiros;
284;Bases de cálculo do Tema Petição;Valor do Principal;Férias Proporcionais Recisória;Valor Do Principal Ferias Proporcionais Recisoria;Valores Financeiros;
285;Bases de cálculo do Tema Petição;Principal + Reflexos;Férias Proporcionais Recisória;Principal Ferias Proporcionais Recisoria;Valores Financeiros;
286;Bases de cálculo do Tema Petição;Variáveis do Tema Petição;Equiparação Salarial;Meses Igual Equiparacao Salarial;Datas e Períodos;
287;Bases de cálculo do Tema Petição;Cálculos do Tema Petição;Equiparação Salarial;Valor Ref Ao Mes Equiparacao Salarial;Valores Financeiros;
288;Bases de cálculo do Tema Petição;Valor do Principal;Equiparação Salarial;Valor Do Principal Equiparacao Salarial;Valores Financeiros;
289;Bases de cálculo do Tema Petição;Reflexo;Equiparação Salarial;Decimo Terceiro Equiparacao Salarial;Valores Financeiros;
290;Bases de cálculo do Tema Petição;Reflexo;Equiparação Salarial;Ferias Terco Equiparacao Salarial;Valores Financeiros;
291;Bases de cálculo do Tema Petição;Reflexo;Equiparação Salarial;Aviso Previo Equiparacao Salarial;Valores Financeiros;
292;Bases de cálculo do Tema Petição;Reflexo;Equiparação Salarial;Fgts Equiparacao Salarial;Valores Financeiros;
293;Bases de cálculo do Tema Petição;Cálculos Multas;Equiparação Salarial;Multa Fgts 40 Equiparacao Salarial;Valores Financeiros;
294;Bases de cálculo do Tema Petição;Principal + Reflexos;Equiparação Salarial;Principal Reflexos Equiparacao Salarial;Valores Financeiros;
295;Bases de cálculo do Tema Petição;Variáveis do Tema Petição;Piso Salarial;Meses Igual Piso Salarial;Datas e Períodos;
296;Bases de cálculo do Tema Petição;Cálculos do Tema Petição;Piso Salarial;Valor Ref Ao Mes Piso Salarial;Valores Financeiros;
297;Bases de cálculo do Tema Petição;Valor do Principal;Piso Salarial;Valor Do Principal Piso Salarial;Valores Financeiros;
298;Bases de cálculo do Tema Petição;Reflexo;Piso Salarial;Decimo Terceiro Piso Salarial;Valores Financeiros;
299;Bases de cálculo do Tema Petição;Reflexo;Piso Salarial;Ferias Terco Piso Salarial;Valores Financeiros;
300;Bases de cálculo do Tema Petição;Reflexo;Piso Salarial;Aviso Previo Piso Salarial;Valores Financeiros;
301;Bases de cálculo do Tema Petição;Reflexo;Piso Salarial;Fgts Piso Salarial;Valores Financeiros;
302;Bases de cálculo do Tema Petição;Cálculos Multas;Piso Salarial;Multa Fgts 40 Piso Salarial;Valores Financeiros;
303;Bases de cálculo do Tema Petição;Principal + Reflexos;Piso Salarial;Principal Reflexos Piso Salarial;Valores Financeiros;
304;Bases de cálculo do Tema Petição;Variáveis do Tema Petição;Salario por Fora;Meses Igual Salario Por Fora;Datas e Períodos;
305;Bases de cálculo do Tema Petição;Cálculos do Tema Petição;Salario por Fora;Valor Ref Ao Mes Salario Por Fora;Valores Financeiros;
306;Bases de cálculo do Tema Petição;Valor do Principal;Salario por Fora;Valor Do Principal Salario Por Fora;Valores Financeiros;
307;Bases de cálculo do Tema Petição;Reflexo;Salario por Fora;Decimo Terceiro Salario Por Fora;Valores Financeiros;
308;Bases de cálculo do Tema Petição;Reflexo;Salario por Fora;Ferias Terco Salario Por Fora;Valores Financeiros;
309;Bases de cálculo do Tema Petição;Reflexo;Salario por Fora;Aviso Previo Salario Por Fora;Valores Financeiros;
310;Bases de cálculo do Tema Petição;Reflexo;Salario por Fora;Fgts Salario Por Fora;Valores Financeiros;
311;Bases de cálculo do Tema Petição;Cálculos Multas;Salario por Fora;Multa Fgts 40 Salario Por Fora;Valores Financeiros;
312;Bases de cálculo do Tema Petição;Principal + Reflexos;Salario por Fora;Principal Reflexos Salario Por Fora;Valores Financeiros;
313;Bases de cálculo do Tema Petição;Variáveis do Tema Petição;Redução Salarial;Meses Igual Reducao Salarial;Datas e Períodos;
314;Bases de cálculo do Tema Petição;Cálculos do Tema Petição;Redução Salarial;Valor Ref Ao Mes Reducao Salarial;Valores Financeiros;
315;Bases de cálculo do Tema Petição;Valor do Principal;Redução Salarial;Valor Do Principal Reducao Salarial;Valores Financeiros;
316;Bases de cálculo do Tema Petição;Reflexo;Redução Salarial;Decimo Terceiro Reducao Salarial;Valores Financeiros;
317;Bases de cálculo do Tema Petição;Reflexo;Redução Salarial;Ferias Terco Reducao Salarial;Valores Financeiros;
318;Bases de cálculo do Tema Petição;Reflexo;Redução Salarial;Aviso Previo Reducao Salarial;Valores Financeiros;
319;Bases de cálculo do Tema Petição;Reflexo;Redução Salarial;Fgts Reducao Salarial;Valores Financeiros;
320;Bases de cálculo do Tema Petição;Cálculos Multas;Redução Salarial;Multa Fgts 40 Reducao Salarial;Valores Financeiros;
321;Bases de cálculo do Tema Petição;Principal + Reflexos;Redução Salarial;Principal Reflexos Reducao Salarial;Valores Financeiros;
322;Bases de cálculo do Tema Petição;Variáveis do Tema Petição;Integração de comissões;Meses Igual Integracao De Comissoes;Datas e Períodos;
323;Bases de cálculo do Tema Petição;Cálculos do Tema Petição;Integração de comissões;Valor Ref Ao Mes Integracao De Comissoes;Valores Financeiros;
324;Bases de cálculo do Tema Petição;Valor do Principal;Integração de comissões;Valor Do Principal Integracao De Comissoes;Valores Financeiros;
325;Bases de cálculo do Tema Petição;Reflexo;Integração de comissões;Decimo Terceiro Integracao De Comissoes;Valores Financeiros;
326;Bases de cálculo do Tema Petição;Reflexo;Integração de comissões;Ferias Terco Integracao De Comissoes;Valores Financeiros;
327;Bases de cálculo do Tema Petição;Reflexo;Integração de comissões;Aviso Previo Integracao De Comissoes;Valores Financeiros;
328;Bases de cálculo do Tema Petição;Reflexo;Integração de comissões;Fgts Integracao De Comissoes;Valores Financeiros;
329;Bases de cálculo do Tema Petição;Cálculos Multas;Integração de comissões;Multa Fgts 40 Integracao De Comissoes;Valores Financeiros;
330;Bases de cálculo do Tema Petição;Principal + Reflexos;Integração de comissões;Principal Reflexos Integracao De Comissoes;Valores Financeiros;
331;Bases de cálculo do Tema Petição;Variáveis do Tema Petição;Acúmulo de Função;Meses Igual Acumulo Funcao;Datas e Períodos;
332;Bases de cálculo do Tema Petição;Cálculos do Tema Petição;Acúmulo de Função;Valor Ref Ao Mes Acumulo Funcao;Valores Financeiros;
333;Bases de cálculo do Tema Petição;Valor do Principal;Acúmulo de Função;Valor Do Principal Acumulo Funcao;Valores Financeiros;
334;Bases de cálculo do Tema Petição;Reflexo;Acúmulo de Função;Decimo Terceiro Acumulo Funcao;Valores Financeiros;
335;Bases de cálculo do Tema Petição;Reflexo;Acúmulo de Função;Ferias Terco Acumulo Funcao;Valores Financeiros;
336;Bases de cálculo do Tema Petição;Reflexo;Acúmulo de Função;Aviso Previo Acumulo Funcao;Valores Financeiros;
337;Bases de cálculo do Tema Petição;Reflexo;Acúmulo de Função;Fgts Acumulo Funcao;Valores Financeiros;
338;Bases de cálculo do Tema Petição;Cálculos Multas;Acúmulo de Função;Multa Fgts 40 Acumulo Funcao;Valores Financeiros;
339;Bases de cálculo do Tema Petição;Principal + Reflexos;Acúmulo de Função;Principal Reflexos Acumulo Funcao;Valores Financeiros;
340;Bases de cálculo do Tema Petição;Variáveis do Tema Petição;Desvio de Função;Temas Com Reflexo Entrevista Acumulo Funcao;à defirnir;
341;Bases de cálculo do Tema Petição;Variáveis do Tema Petição;Desvio de Função;Meses Igual Desvio De Funcao;Datas e Períodos;
342;Bases de cálculo do Tema Petição;Cálculos do Tema Petição;Desvio de Função;Valor Ref Ao Mes Desvio De Funcao;Valores Financeiros;
343;Bases de cálculo do Tema Petição;Valor do Principal;Desvio de Função;Valor Do Principal Desvio De Funcao;Valores Financeiros;
344;Bases de cálculo do Tema Petição;Reflexo;Desvio de Função;Decimo Terceiro Desvio De Funcao;Valores Financeiros;
345;Bases de cálculo do Tema Petição;Reflexo;Desvio de Função;Ferias Terco Desvio De Funcao;Valores Financeiros;
346;Bases de cálculo do Tema Petição;Reflexo;Desvio de Função;Aviso Previo Desvio De Funcao;Valores Financeiros;
347;Bases de cálculo do Tema Petição;Reflexo;Desvio de Função;Fgts Desvio De Funcao;Valores Financeiros;
348;Bases de cálculo do Tema Petição;Cálculos Multas;Desvio de Função;Multa Fgts 40 Desvio De Funcao;Valores Financeiros;
349;Bases de cálculo do Tema Petição;Principal + Reflexos;Desvio de Função;Principal Reflexos Desvio De Funcao;Valores Financeiros;
350;Bases de cálculo do Tema Petição;Variáveis do Tema Petição;Insalubridade;Meses Igual Insalubridade;Datas e Períodos;
351;Bases de cálculo do Tema Petição;Cálculos do Tema Petição;Insalubridade;Valor Ref Ao Mes Insalubridade;Valores Financeiros;
352;Bases de cálculo do Tema Petição;Valor do Principal;Insalubridade;Valor Do Principal Insalubridade;Valores Financeiros;
353;Bases de cálculo do Tema Petição;Reflexo;Insalubridade;Decimo Terceiro Reflexo Insalubridade;Valores Financeiros;
354;Bases de cálculo do Tema Petição;Reflexo;Insalubridade;Ferias Terco Reflexo Insalubridade;Valores Financeiros;
355;Bases de cálculo do Tema Petição;Reflexo;Insalubridade;Aviso Previo Reflexo Insalubridade;Valores Financeiros;
356;Bases de cálculo do Tema Petição;Reflexo;Insalubridade;Fgts Reflexo Insalubridade;Valores Financeiros;
357;Bases de cálculo do Tema Petição;Cálculos Multas;Insalubridade;Multa Fgts 40 Reflexo Insalubridade;Valores Financeiros;
358;Bases de cálculo do Tema Petição;Principal + Reflexos;Insalubridade;Principal Reflexos Insalubridade;Valores Financeiros;
359;Bases de cálculo do Tema Petição;Variáveis do Tema Petição;Periculosidade;Meses Igual Periculosidade;Datas e Períodos;
360;Bases de cálculo do Tema Petição;Cálculos do Tema Petição;Periculosidade;Valor Ref Ao Mes Periculosidade;Valores Financeiros;
361;Bases de cálculo do Tema Petição;Valor do Principal;Periculosidade;Valor Do Principal Periculosidade;Valores Financeiros;
362;Bases de cálculo do Tema Petição;Reflexo;Periculosidade;Decimo Terceiro Periculosidade;Valores Financeiros;
363;Bases de cálculo do Tema Petição;Reflexo;Periculosidade;Ferias Terco Periculosidade;Valores Financeiros;
364;Bases de cálculo do Tema Petição;Reflexo;Periculosidade;Aviso Previo Periculosidade;Valores Financeiros;
365;Bases de cálculo do Tema Petição;Reflexo;Periculosidade;Fgts Periculosidade;Valores Financeiros;
366;Bases de cálculo do Tema Petição;Cálculos Multas;Periculosidade;Multa Fgts 40 Periculosidade;Valores Financeiros;
367;Bases de cálculo do Tema Petição;Principal + Reflexos;Periculosidade;Principal Reflexos Periculosidade;Valores Financeiros;
368;Bases de cálculo do Tema Petição;Variáveis do Tema Petição;Prontidão;Base De Calculo Mesmo Periodo He  Prontidao;Valores Financeiros;
369;Bases de cálculo do Tema Petição;Variáveis do Tema Petição;Prontidão;Meses Igual Prontidao;Datas e Períodos;
370;Bases de cálculo do Tema Petição;Cálculos do Tema Petição;Prontidão;Valor Hora Prontidao;Valores Financeiros;
371;Bases de cálculo do Tema Petição;Cálculos do Tema Petição;Prontidão;Valor Ref Ao Mes Prontidao;Valores Financeiros;
372;Bases de cálculo do Tema Petição;Cálculos do Tema Petição;Prontidão;Dsr Ref Ao Mes Prontidao;Valores Financeiros;
373;Bases de cálculo do Tema Petição;Valor do Principal;Prontidão;Valor Do Principal Prontidao;Valores Financeiros;
374;Bases de cálculo do Tema Petição;Reflexo;Prontidão;Dsr Prontidao;Valores Financeiros;
375;Bases de cálculo do Tema Petição;Reflexo;Prontidão;Decimo Terceiro Prontidao;Valores Financeiros;
376;Bases de cálculo do Tema Petição;Reflexo;Prontidão;Ferias Terco Prontidao;Valores Financeiros;
377;Bases de cálculo do Tema Petição;Reflexo;Prontidão;Aviso Previo Prontidao;Valores Financeiros;
378;Bases de cálculo do Tema Petição;Reflexo;Prontidão;Fgts Prontidao;Valores Financeiros;
379;Bases de cálculo do Tema Petição;Cálculos Multas;Prontidão;Multa Fgts 40 Prontidao;Valores Financeiros;
380;Bases de cálculo do Tema Petição;Principal + Reflexos;Prontidão;Principal Reflexos Prontidao;Valores Financeiros;
381;Bases de cálculo do Tema Petição;Variáveis do Tema Petição;Sobreaviso;Base De Calculo Mesmo Periodo He  Sobreaviso;Valores Financeiros;
382;Bases de cálculo do Tema Petição;Variáveis do Tema Petição;Sobreaviso;Meses Igual Sobreaviso;Datas e Períodos;
383;Bases de cálculo do Tema Petição;Cálculos do Tema Petição;Sobreaviso;Valor Hora Sobreaviso;Valores Financeiros;
384;Bases de cálculo do Tema Petição;Cálculos do Tema Petição;Sobreaviso;Valor Ref Ao Mes Sobreaviso;Valores Financeiros;
385;Bases de cálculo do Tema Petição;Cálculos do Tema Petição;Sobreaviso;Dsr Ref Ao Mes Sobreaviso;Valores Financeiros;
386;Bases de cálculo do Tema Petição;Valor do Principal;Sobreaviso;Valor Do Principal Sobreaviso;Valores Financeiros;
387;Bases de cálculo do Tema Petição;Reflexo;Sobreaviso;Dsr Sobreaviso;Valores Financeiros;
388;Bases de cálculo do Tema Petição;Reflexo;Sobreaviso;Decimo Terceiro Sobreaviso;Valores Financeiros;
389;Bases de cálculo do Tema Petição;Reflexo;Sobreaviso;Ferias Terco Sobreaviso;Valores Financeiros;
390;Bases de cálculo do Tema Petição;Reflexo;Sobreaviso;Aviso Previo Sobreaviso;Valores Financeiros;
391;Bases de cálculo do Tema Petição;Reflexo;Sobreaviso;Fgts Sobreaviso;Valores Financeiros;
392;Bases de cálculo do Tema Petição;Cálculos Multas;Sobreaviso;Multa Fgts 40 Sobreaviso;Valores Financeiros;
393;Bases de cálculo do Tema Petição;Principal + Reflexos;Sobreaviso;Principal Reflexos Sobreaviso;Valores Financeiros;
394;Bases de cálculo do Tema Petição;Variáveis do Tema Petição;Adicional Noturno;Base De Calculo Mesmo Periodo He  Adicional Noturno;Valores Financeiros;
395;Bases de cálculo do Tema Petição;Variáveis do Tema Petição;Adicional Noturno;Horas Fictas Noturnas Por Mes Adicional Noturno;Datas e Períodos;
396;Bases de cálculo do Tema Petição;Variáveis do Tema Petição;Adicional Noturno;Meses Igual Adicional Noturno;Datas e Períodos;
397;Bases de cálculo do Tema Petição;Cálculos do Tema Petição;Adicional Noturno;Valor Hora Adicional Noturno;Valores Financeiros;
398;Bases de cálculo do Tema Petição;Cálculos do Tema Petição;Adicional Noturno;Valor Ref Ao Mes Adicional Noturno;Valores Financeiros;
399;Bases de cálculo do Tema Petição;Cálculos do Tema Petição;Adicional Noturno;Dsr Ref Ao Mes Adicional Noturno;Valores Financeiros;
400;Bases de cálculo do Tema Petição;Valor do Principal;Adicional Noturno;Valor Do Principal Adicional Noturno;Valores Financeiros;
401;Bases de cálculo do Tema Petição;Reflexo;Adicional Noturno;Dsr Adicional Noturno;Valores Financeiros;
402;Bases de cálculo do Tema Petição;Reflexo;Adicional Noturno;Decimo Terceiro Adicional Noturno;Valores Financeiros;
403;Bases de cálculo do Tema Petição;Reflexo;Adicional Noturno;Ferias Terco Adicional Noturno;Valores Financeiros;
404;Bases de cálculo do Tema Petição;Reflexo;Adicional Noturno;Aviso Previo Adicional Noturno;Valores Financeiros;
405;Bases de cálculo do Tema Petição;Reflexo;Adicional Noturno;Fgts Adicional Noturno;Valores Financeiros;
406;Bases de cálculo do Tema Petição;Cálculos Multas;Adicional Noturno;Multa Fgts 40 Adicional Noturno;Valores Financeiros;
407;Bases de cálculo do Tema Petição;Principal + Reflexos;Adicional Noturno;Principal Reflexos Adicional Noturno;Valores Financeiros;
408;Bases de cálculo do Tema Petição;Variáveis do Tema Petição;Horas Extras;Base De Calculo Horas Extras;Valores Financeiros;
409;Bases de cálculo do Tema Petição;Variáveis do Tema Petição;Horas Extras;Meses Igual Horas Extras;Datas e Períodos;
410;Bases de cálculo do Tema Petição;Cálculos do Tema Petição;Horas Extras;Valor Hora Horas Extras;Valores Financeiros;
411;Bases de cálculo do Tema Petição;Cálculos do Tema Petição;Horas Extras;Valores Ref Ao Mes Horas Extras;Valores Financeiros;
412;Bases de cálculo do Tema Petição;Cálculos do Tema Petição;Horas Extras;Dsr Ref Ao Mes Horas Extras;Valores Financeiros;
413;Bases de cálculo do Tema Petição;Valor do Principal;Horas Extras;Valor Do Principal Horas Extras;Valores Financeiros;
414;Bases de cálculo do Tema Petição;Reflexo;Horas Extras;Dsr Horas Extras;Valores Financeiros;
415;Bases de cálculo do Tema Petição;Reflexo;Horas Extras;Decimo Terceiro Horas Extras;Valores Financeiros;
416;Bases de cálculo do Tema Petição;Reflexo;Horas Extras;Ferias Terco Horas Extras;Valores Financeiros;
417;Bases de cálculo do Tema Petição;Reflexo;Horas Extras;Aviso Previo Horas Extras;Valores Financeiros;
418;Bases de cálculo do Tema Petição;Reflexo;Horas Extras;Fgts Horas Extras;Valores Financeiros;
419;Bases de cálculo do Tema Petição;Cálculos Multas;Horas Extras;Multa Fgts 40 Horas Extras;Valores Financeiros;
420;Bases de cálculo do Tema Petição;Principal + Reflexos;Horas Extras;Principal Reflexos Horas Extras;Valores Financeiros;
421;Bases de cálculo do Tema Petição;Variáveis do Tema Petição;Feriados;Base De Calculo Mesmo Periodo He  Feriados;Valores Financeiros;
422;Bases de cálculo do Tema Petição;Cálculos do Tema Petição;Feriados;Valor Hora Feriados;Valores Financeiros;
423;Bases de cálculo do Tema Petição;Cálculos do Tema Petição;Feriados;Valor Ref Ao Dia Feriados;Valores Financeiros;
424;Bases de cálculo do Tema Petição;Cálculos do Tema Petição;Feriados;Dsr Ref Ao Dia Feriados;Valores Financeiros;
425;Bases de cálculo do Tema Petição;Valor do Principal;Feriados;Valor Do Principal Feriados;Valores Financeiros;
426;Bases de cálculo do Tema Petição;Reflexo;Feriados;Dsr Feriados;Valores Financeiros;
427;Bases de cálculo do Tema Petição;Reflexo;Feriados;Decimo Terceiro Feriados;Valores Financeiros;
428;Bases de cálculo do Tema Petição;Reflexo;Feriados;Ferias Terco Feriados;Valores Financeiros;
429;Bases de cálculo do Tema Petição;Reflexo;Feriados;Aviso Previo Feriados;Valores Financeiros;
430;Bases de cálculo do Tema Petição;Reflexo;Feriados;Fgts Feriados;Valores Financeiros;
431;Bases de cálculo do Tema Petição;Cálculos Multas;Feriados;Multa Fgts 40 Feriados;Valores Financeiros;
432;Bases de cálculo do Tema Petição;Principal + Reflexos;Feriados;Principal Reflexos Feriados;Valores Financeiros;
433;Bases de cálculo do Tema Petição;Variáveis do Tema Petição;Intervalo Intersemanal;Base De Calculo Mesmo Periodo He  Intervalo Intersemanal;Valores Financeiros;
434;Bases de cálculo do Tema Petição;Cálculos do Tema Petição;Intervalo Intersemanal;Valor Hora Intervalo Intersemanal;Valores Financeiros;
435;Bases de cálculo do Tema Petição;Valor do Principal;Intervalo Intersemanal;Valor Do Principal Intervalo Intersemanal;Valores Financeiros;
436;Bases de cálculo do Tema Petição;Principal + Reflexos;Intervalo Intersemanal;Principal Intervalo Intersemanal;Valores Financeiros;
437;Bases de cálculo do Tema Petição;Variáveis do Tema Petição;Interjornada;Meses Igual Interjornada;Datas e Períodos;
438;Bases de cálculo do Tema Petição;Variáveis do Tema Petição;Interjornada;Base De Calculo Mesmo Periodo He  Interjornada;Valores Financeiros;
439;Bases de cálculo do Tema Petição;Cálculos do Tema Petição;Interjornada;Valor Hora Interjornada;Valores Financeiros;
440;Bases de cálculo do Tema Petição;Cálculos do Tema Petição;Interjornada;Valores Ref Ao Mes Interjornada;Valores Financeiros;
441;Bases de cálculo do Tema Petição;Valor do Principal;Interjornada;Valor Do Principal Interjornada;Valores Financeiros;
442;Bases de cálculo do Tema Petição;Principal + Reflexos;Interjornada;Principal Interjornada;Valores Financeiros;
443;Bases de cálculo do Tema Petição;Variáveis do Tema Petição;Intrajornada;Meses Igual Intrajornada;Datas e Períodos;
444;Bases de cálculo do Tema Petição;Variáveis do Tema Petição;Intrajornada;Base De Calculo Mesmo Periodo He  Intrajornada;Valores Financeiros;
445;Bases de cálculo do Tema Petição;Cálculos do Tema Petição;Intrajornada;Valor Hora Intrajornada;Valores Financeiros;
446;Bases de cálculo do Tema Petição;Cálculos do Tema Petição;Intrajornada;Valores Ref Ao Mes Intrajornada;Valores Financeiros;
447;Bases de cálculo do Tema Petição;Valor do Principal;Intrajornada;Valor Do Principal Intrajornada;Valores Financeiros;
448;Bases de cálculo do Tema Petição;Principal + Reflexos;Intrajornada;Principal Intrajornada;Valores Financeiros;
449;Bases de cálculo do Tema Petição;Cálculos do Tema Petição;Seguro Desemprego;Media Salarial Para Calculo Seguro Desemprego;Valores Financeiros;
450;Bases de cálculo do Tema Petição;Valor do Principal;Seguro Desemprego;Valor Do Seguro A Receber Seguro Desemprego;Valores Financeiros;
451;Bases de cálculo do Tema Petição;Valor do Principal;Seguro Desemprego;Valor Por Parcela Seguro Desemprego;Valores Financeiros;
452;Bases de cálculo do Tema Petição;Principal + Reflexos;Seguro Desemprego;Principal Seguro Desemprego;Valores Financeiros;
453;Bases de cálculo do Tema Petição;Cálculos do Tema Petição;Seguro Desemprego;Texto Personalizado Seguro Desemprego;à defirnir;
454;Bases de cálculo do Tema Petição;Variáveis do Tema Petição;Gestante;Data Do Termino Do Contrato De Trabalho Gestante;Datas e Períodos;
455;Bases de cálculo do Tema Petição;Variáveis do Tema Petição;Gestante;Data Concepcao Gestante;Datas e Períodos;
456;Bases de cálculo do Tema Petição;Variáveis do Tema Petição;Gestante;Data Prevista Parto Gestante;Datas e Períodos;
457;Bases de cálculo do Tema Petição;Variáveis do Tema Petição;Gestante;Data Final Estabilidade Gestante;Datas e Períodos;
458;Bases de cálculo do Tema Petição;Variáveis do Tema Petição;Gestante;Periodo De Estabilidade Meses Gestante;Datas e Períodos;
459;Bases de cálculo do Tema Petição;Valor do Principal;Gestante;Valor Do Principal Gestante;Valores Financeiros;
460;Bases de cálculo do Tema Petição;Reflexo;Gestante;Decimo Terceiro Reflexos Gestante;Valores Financeiros;
461;Bases de cálculo do Tema Petição;Reflexo;Gestante;Ferias Terco Reflexos Gestante;Valores Financeiros;
462;Bases de cálculo do Tema Petição;Reflexo;Gestante;Fgts Reflexos Gestante;Valores Financeiros;
463;Bases de cálculo do Tema Petição;Cálculos Multas;Gestante;Multa Fgts 40 Reflexos Gestante;Valores Financeiros;
464;Bases de cálculo do Tema Petição;Principal + Reflexos;Gestante;Principal Reflexos Gestante;Valores Financeiros;
465;Bases de cálculo do Tema Petição;Variáveis do Tema Petição;Gestante;Temas Pedidos Entrevista Gestante;à defirnir;
466;Bases de cálculo do Tema Petição;Valor do Principal;Estabilidade indenizada;Valor Do Principal Estabilidade Indenizada;Valores Financeiros;
467;Bases de cálculo do Tema Petição;Reflexo;Estabilidade indenizada;Decimo Terceiro Reflexo Estabilidade Indenizada;Valores Financeiros;
468;Bases de cálculo do Tema Petição;Reflexo;Estabilidade indenizada;Ferias Terco Reflexo Estabilidade Indenizada;Valores Financeiros;
469;Bases de cálculo do Tema Petição;Reflexo;Estabilidade indenizada;Fgts Reflexo Estabilidade Indenizada;Valores Financeiros;
470;Bases de cálculo do Tema Petição;Cálculos Multas;Estabilidade indenizada;Multa Fgts 40 Reflexo Estabilidade Indenizada;Valores Financeiros;
471;Bases de cálculo do Tema Petição;Principal + Reflexos;Estabilidade indenizada;Principal Reflexos Estabilidade Indenizada;Valores Financeiros;
472;Bases de cálculo do Tema Petição;Variáveis do Tema Petição;Acidente de trabalho / Doença ocupacional;Idade Na Data Acidente Incapacidade Acidente De Trabalho Doenca Ocupacional;Datas e Períodos;
473;Bases de cálculo do Tema Petição;Variáveis do Tema Petição;Acidente de trabalho / Doença ocupacional;Janela Indenizatoria Acidente De Trabalho Doenca Ocupacional;Datas e Períodos;
474;Bases de cálculo do Tema Petição;Cálculos do Tema Petição;Acidente de trabalho / Doença ocupacional;Valores Ref Ao Mes Acidente De Trabalho Doenca Ocupacional;Valores Financeiros;
475;Bases de cálculo do Tema Petição;Valor do Principal;Acidente de trabalho / Doença ocupacional;Valor Do Principal Acidente De Trabalho Doenca Ocupacional;Valores Financeiros;
476;Bases de cálculo do Tema Petição;Principal + Reflexos;Acidente de trabalho / Doença ocupacional;Principal Reflexos Acidente De Trabalho Doenca Ocupacional;Valores Financeiros;
477;Bases de cálculo do Tema Petição;Variáveis do Tema Petição;Periculosidade 'or' Insalubridade;Texto Personalizado Pericia Medica;à defirnir;
478;Total dos Pedidos;Reflexo;Decimo Terceiro Reflexo Total;Decimo Terceiro Reflexo Total;Valores Financeiros;
479;Total dos Pedidos;Reflexo;Ferias Terco Reflexo Total;Ferias Terco Reflexo Total;Valores Financeiros;
480;Total dos Pedidos;Reflexo;Aviso Previo Reflexo Total;Aviso Previo Reflexo Total;Valores Financeiros;
481;Total dos Pedidos;Reflexo;Fgts Reflexo Total;Fgts Reflexo Total;Valores Financeiros;
482;Total dos Pedidos;Cálculos Multas;Multa Fgts 40 Reflexo Total;Multa Fgts 40 Reflexo Total;Valores Financeiros;
483;Base de Cálculo Geral;Variáveis da Base de Cálculo Geral;Verbas Recisórias;Verbas Rescisorias Total Dos Pedidos;Valores Financeiros;
484;Total dos Pedidos;Principal + Reflexos;FGTS;Fgts Total Dos Pedidos;Valores Financeiros;
485;Total dos Pedidos;Principal + Reflexos;Multa 477;Multa 477 Total Dos Pedidos;Valores Financeiros;
486;Total dos Pedidos;Principal + Reflexos;Multa 467;Multa 467 Total Dos Pedidos;Valores Financeiros;
487;Total dos Pedidos;Principal + Reflexos;Décimo Terceiro Anual;Decimo Terceiro Anual Total Dos Pedidos;Valores Financeiros;
488;Total dos Pedidos;Principal + Reflexos;Férias Anuais;Ferias Anuais Total Dos Pedidos;Valores Financeiros;
489;Total dos Pedidos;Principal + Reflexos;Equiparação Salarial;Equiparacao Salarial Total Dos Pedidos;Valores Financeiros;
490;Total dos Pedidos;Principal + Reflexos;Piso Salarial;Piso Salarial Total Dos Pedidos;Valores Financeiros;
491;Total dos Pedidos;Principal + Reflexos;Salario por Fora;Salario Por Fora Total Dos Pedidos;Valores Financeiros;
492;Total dos Pedidos;Principal + Reflexos;Redução Salarial;Reducao Salarial Total Dos Pedidos;Valores Financeiros;
493;Total dos Pedidos;Principal + Reflexos;Integração de comissões;Integracao De Comissoes Total Dos Pedidos;Valores Financeiros;
494;Total dos Pedidos;Principal + Reflexos;Acúmulo de Função;Acumulo Funcao Total Dos Pedidos;Valores Financeiros;
495;Total dos Pedidos;Principal + Reflexos;Desvio de Função;Desvio De Funcao Total Dos Pedidos;Valores Financeiros;
496;Total dos Pedidos;Principal + Reflexos;Insalubridade;Insalubridade Total Dos Pedidos;Valores Financeiros;
497;Total dos Pedidos;Principal + Reflexos;Periculosidade;Periculosidade Total Dos Pedidos;Valores Financeiros;
498;Total dos Pedidos;Principal + Reflexos;Prontidão;Prontidao Total Dos Pedidos;Valores Financeiros;
499;Total dos Pedidos;Principal + Reflexos;Sobreaviso;Sobreaviso Total Dos Pedidos;Valores Financeiros;
500;Total dos Pedidos;Principal + Reflexos;Adicional Noturno;Adicional Noturno Total Dos Pedidos;Valores Financeiros;
501;Total dos Pedidos;Principal + Reflexos;Horas Extras;Horas Extras Total Dos Pedidos;Valores Financeiros;
502;Total dos Pedidos;Principal + Reflexos;Feriados;Feriado Total Dos Pedidos;Valores Financeiros;
503;Total dos Pedidos;Principal + Reflexos;Intervalo Intersemanal;Intervalo Intersemanal Total Dos Pedidos;Valores Financeiros;
504;Total dos Pedidos;Principal + Reflexos;Interjornada;Interjornada Total Dos Pedidos;Valores Financeiros;
505;Total dos Pedidos;Principal + Reflexos;Intrajornada;Intrajornada Total Dos Pedidos;Valores Financeiros;
506;Total dos Pedidos;Principal + Reflexos;Seguro Desemprego;Seguro Desemprego Total Dos Pedidos;Valores Financeiros;
507;Total dos Pedidos;Principal + Reflexos;Gestante;Gestante Total Dos Pedidos;Valores Financeiros;
508;Total dos Pedidos;Principal + Reflexos;Estabilidade indenizada;Estabilidade Indenizada Total Dos Pedidos;Valores Financeiros;
509;Total dos Pedidos;Principal + Reflexos;Acidente de trabalho / Doença ocupacional;Acidente De Trabalho Doenca Ocupacional Total Dos Pedidos;Valores Financeiros;
510;Total dos Pedidos;Principal + Reflexos;Total dos pedidos;Total Dos Pedidos Total Dos Pedidos;Valores Financeiros;
511;Total dos Pedidos;Principal + Reflexos;Honorarios sucumbenciais;Honorarios Sucumbenciais Total Dos Pedidos;Valores Financeiros;
512;Total dos Pedidos;Principal + Reflexos;Total Petição;Total Total Dos Pedidos;Valores Financeiros;
513;Base de Cálculo Geral;Variáveis da Base de Cálculo Geral;Dados das Partes;Autor;à defirnir;
514;Base de Cálculo Geral;Variáveis da Base de Cálculo Geral;Dados das Partes;Autor;à defirnir;
515;Bases de cálculo do Tema Petição;Variáveis do Tema Petição;Dados das Partes;Ano Data Termino Base Calculo;Datas e Períodos;
516;Bases de cálculo do Tema Petição;Variáveis do Tema Petição;Décimo Terceiro Anual;Meses Ano Termino Topicos Decimo Terceiro;Datas e Períodos;
517;Bases de cálculo do Tema Petição;Variáveis do Tema Petição;Temas Com Reflexo Atualizada Decimo Terceiro Anual;Temas Com Reflexo Atualizada Decimo Terceiro Anual;à defirnir;
518;Bases de cálculo do Tema Petição;Variáveis do Tema Petição;Décimo Terceiro Anual;Lista Periodos Anos Decimo Terceiro Anual;à defirnir;
519;Bases de cálculo do Tema Petição;Variáveis do Tema Petição;Temas Com Reflexo Atualizada Ferias Anuais;Temas Com Reflexo Atualizada Ferias Anuais;à defirnir;
520;Bases de cálculo do Tema Petição;Variáveis do Tema Petição;Acúmulo de Função;Descricao Atualizada Atividades Contratadas Acumulo Funcao;à defirnir;
521;Bases de cálculo do Tema Petição;Variáveis do Tema Petição;Acúmulo de Função;Descricao Atualizada Atividades Extras Acumulo Funcao;à defirnir;
522;Bases de cálculo do Tema Petição;Variáveis do Tema Petição;Temas Com Reflexo Atualizada Acumulo Funcao;Temas Com Reflexo Atualizada Acumulo Funcao;à defirnir;
523;Bases de cálculo do Tema Petição;Variáveis do Tema Petição;Férias Anuais;Lista Periodos Anos Ferias Anuais;à defirnir;
524;Bases de cálculo do Tema Petição;Variáveis do Tema Petição;Insalubridade;Descricao Atualizada Condicao Insalubre Insalubridade;à defirnir;
525;Bases de cálculo do Tema Petição;Variáveis do Tema Petição;Insalubridade;Ferias Terco Insalubridade;à defirnir;
526;Bases de cálculo do Tema Petição;Variáveis do Tema Petição;Insalubridade;Aviso Previo Insalubridade;à defirnir;
527;Bases de cálculo do Tema Petição;Variáveis do Tema Petição;Insalubridade;Fgts Insalubridade;à defirnir;
528;Bases de cálculo do Tema Petição;Variáveis do Tema Petição;Insalubridade;Multa Fgts 40 Insalubridade;à defirnir;
529;Bases de cálculo do Tema Petição;Variáveis do Tema Petição;Aviso Prévio;Data Aviso Base Calculo;Datas e Períodos;
530;Bases de cálculo do Tema Petição;Variáveis do Tema Petição;Gestante;Temas Pedidos Atualizada Gestante;à defirnir;
531;Bases de cálculo do Tema Petição;Variáveis do Tema Petição;Gestante;Numero Nulidade Estabilidade;à defirnir;
532;Total dos Pedidos;Cálculos do Tema Petição;Total dos Pedidos;Total Por Escrito;à defirnir;
533;Base de Cálculo Geral;Cálculos do Tema Petição;Aviso Prévio;Texto Personalizado Data Aviso;Datas e Períodos;
